Key,Company,Ticker,Year,Quarter,M-Score
1115,ADAC LABORATORIES,ADAC,1997,1997Q3,-2.39517647620851
1115,ADAC LABORATORIES,ADAC,1998,1998Q3,-2.285316309741008
1115,ADAC LABORATORIES,ADAC,1999,1999Q3,-2.9735052846392516
1151,AEQUITRON MEDICAL INC,AQTN,1988,1988Q3,-2.0909513163352016
1151,AEQUITRON MEDICAL INC,AQTN,1988,1988Q4,-2.780321737050341
1151,AEQUITRON MEDICAL INC,AQTN,1989,1989Q1,-2.640232528336774
1151,AEQUITRON MEDICAL INC,AQTN,1989,1989Q2,-3.283125069088065
1151,AEQUITRON MEDICAL INC,AQTN,1989,1989Q3,-2.6192873907385876
1151,AEQUITRON MEDICAL INC,AQTN,1989,1989Q4,-2.723151637059446
1151,AEQUITRON MEDICAL INC,AQTN,1990,1990Q1,-2.989072716052751
1151,AEQUITRON MEDICAL INC,AQTN,1990,1990Q2,-3.3246424527748912
1151,AEQUITRON MEDICAL INC,AQTN,1990,1990Q3,-2.3078994777903934
1151,AEQUITRON MEDICAL INC,AQTN,1990,1990Q4,-2.3361372409225165
1151,AEQUITRON MEDICAL INC,AQTN,1991,1991Q1,-2.0525619399884016
1151,AEQUITRON MEDICAL INC,AQTN,1991,1991Q2,-2.0806127021957312
1151,AEQUITRON MEDICAL INC,AQTN,1991,1991Q3,-2.5173589255185504
1151,AEQUITRON MEDICAL INC,AQTN,1991,1991Q4,-2.7165417240456424
1151,AEQUITRON MEDICAL INC,AQTN,1992,1992Q1,-2.8628246997531552
1151,AEQUITRON MEDICAL INC,AQTN,1992,1992Q2,-3.006751707784389
1151,AEQUITRON MEDICAL INC,AQTN,1992,1992Q3,-2.4171855735334424
1151,AEQUITRON MEDICAL INC,AQTN,1992,1992Q4,-2.5802403508873617
1151,AEQUITRON MEDICAL INC,AQTN,1993,1993Q1,-2.3702988074980804
1151,AEQUITRON MEDICAL INC,AQTN,1993,1993Q2,-2.7846181439826614
1151,AEQUITRON MEDICAL INC,AQTN,1993,1993Q3,-2.896450706163753
1151,AEQUITRON MEDICAL INC,AQTN,1993,1993Q4,-2.7165422899340137
1151,AEQUITRON MEDICAL INC,AQTN,1994,1994Q1,-2.775142810287273
1151,AEQUITRON MEDICAL INC,AQTN,1994,1994Q2,-3.273645872616186
1151,AEQUITRON MEDICAL INC,AQTN,1994,1994Q3,-2.3178626799473494
1151,AEQUITRON MEDICAL INC,AQTN,1994,1994Q4,-2.9839787083798246
1151,AEQUITRON MEDICAL INC,AQTN,1995,1995Q1,-2.710062325851616
1151,AEQUITRON MEDICAL INC,AQTN,1995,1995Q3,-1.7659815120857036
1151,AEQUITRON MEDICAL INC,AQTN,1995,1995Q4,-2.1832312013348005
1151,AEQUITRON MEDICAL INC,AQTN,1996,1996Q1,-2.1781486191783923
1151,AEQUITRON MEDICAL INC,AQTN,1996,1996Q2,-2.877380160985033
1151,AEQUITRON MEDICAL INC,AQTN,1996,1996Q3,-2.290387558261575
1155,AERO SYSTEMS INC,AESM,1989,1989Q2,-2.355345246001841
1155,AERO SYSTEMS INC,AESM,1989,1989Q3,-2.3968014844887753
1155,AERO SYSTEMS INC,AESM,1989,1989Q4,-2.1969592866346805
1155,AERO SYSTEMS INC,AESM,1990,1990Q1,-2.328303022481171
1155,AERO SYSTEMS INC,AESM,1990,1990Q2,-2.6663990443965964
1155,AERO SYSTEMS INC,AESM,1990,1990Q3,-2.5124115733383476
1155,AERO SYSTEMS INC,AESM,1990,1990Q4,-2.7032427520369957
1155,AERO SYSTEMS INC,AESM,1991,1991Q1,-1.6436930936286718
1155,AERO SYSTEMS INC,AESM,1991,1991Q2,0.5431196342385297
1155,AERO SYSTEMS INC,AESM,1991,1991Q3,-2.544472626597512
1155,AERO SYSTEMS INC,AESM,1991,1991Q4,-2.866807129059362
1155,AERO SYSTEMS INC,AESM,1992,1992Q1,-3.2018999208823224
1155,AERO SYSTEMS INC,AESM,1992,1992Q2,-3.0136619362629236
1155,AERO SYSTEMS INC,AESM,1992,1992Q3,-2.915129608945496
1164,ADVANTAGE COMPANIES INC,ADCO,1989,1989Q1,-2.1610155255782075
1164,ADVANTAGE COMPANIES INC,ADCO,1989,1989Q2,3.5837370679165432
1164,LDDS COMMUNICATIONS  -CL A,LDDSA,1989,1989Q3,4.107069876110435
1164,LDDS COMMUNICATIONS  -CL A,LDDSA,1989,1989Q4,-2.9865871225790612
1164,LDDS COMMUNICATIONS  -CL A,LDDSA,1990,1990Q2,-2.433279668539832
1164,LDDS COMMUNICATIONS  -CL A,LDDSA,1990,1990Q3,-3.042147224334028
1164,LDDS COMMUNICATIONS  -CL A,LDDSA,1990,1990Q4,-3.2221196610539375
1164,LDDS COMMUNICATIONS  -CL A,LDDSA,1991,1991Q1,-2.178059008202973
1164,LDDS COMMUNICATIONS  -CL A,LDDSA,1991,1991Q2,-2.575046002464882
1164,LDDS COMMUNICATIONS  -CL A,LDDSA,1991,1991Q3,-2.2768154149479387
1164,LDDS COMMUNICATIONS  -CL A,LDDSA,1991,1991Q4,-3.01587482782088
1164,LDDS COMMUNICATIONS  -CL A,LDDSA,1992,1992Q1,-2.3307510106129032
1164,LDDS COMMUNICATIONS  -CL A,LDDSA,1992,1992Q2,-2.5725341765856684
1164,LDDS COMMUNICATIONS  -CL A,LDDSA,1992,1992Q3,-2.558322457937966
1164,LDDS COMMUNICATIONS  -CL A,LDDSA,1992,1992Q4,2.590568746820509
1164,LDDS COMMUNICATIONS  -CL A,LDDSA,1993,1993Q1,0.06061133253643558
1164,LDDS COMMUNICATIONS  -CL A,LDDSA,1993,1993Q2,-2.478253169811564
1164,LDDS COMMUNICATION/TN  -CL A,LDDSA,1993,1993Q3,-2.0051191520138176
1164,LDDS COMMUNICATION/GA  -CL A,LDDS,1993,1993Q4,-2.6538344063228907
1164,LDDS COMMUNICATION/GA  -CL A,LDDS,1994,1994Q1,-2.3879224905976066
1164,LDDS COMMUNICATION/GA  -CL A,LDDS,1994,1994Q2,-2.423640322219264
1164,LDDS COMMUNICATION/GA  -CL A,LDDS,1994,1994Q3,-2.3925310997972518
1164,LDDS COMMUNICATION/GA  -CL A,LDDS,1994,1994Q4,-4.090987709804634
1164,LDDS COMMUNICATION/GA  -CL A,LDDS,1995,1995Q1,-3.5051109303362127
1164,WORLDCOM INC/GA  -CL A,WCOM,1995,1995Q2,-2.6904579637755144
1164,WORLDCOM INC/GA  -CL A,WCOM,1995,1995Q3,-2.6001810390751845
1164,WORLDCOM INC/GA  -CL A,WCOM,1995,1995Q4,-2.7912805467018904
1164,WORLDCOM INC/GA  -CL A,WCOM,1996,1996Q1,-2.4097015288973513
1164,WORLDCOM INC/GA  -CL A,WCOM,1996,1996Q2,-2.7629806643306276
1164,WORLDCOM INC/GA  -CL A,WCOM,1996,1996Q3,-2.699650312155147
1164,WORLDCOM INC/GA  -CL A,WCOM,1996,1996Q4,-7.102798147053377
1164,WORLDCOM INC/GA  -CL A,WCOM,1997,1997Q1,-2.905159058546727
1164,WORLDCOM INC/GA  -CL A,WCOM,1997,1997Q2,-2.5811302173564514
1164,WORLDCOM INC/GA  -CL A,WCOM,1997,1997Q3,-2.661991941001063
1164,WORLDCOM INC/GA  -CL A,WCOM,1997,1997Q4,-2.7536490806316825
1164,WORLDCOM INC/GA  -CL A,WCOM,1998,1998Q1,-2.3365369464494092
1164,WORLDCOM INC/GA  -CL A,WCOM,1998,1998Q2,-2.484998567989378
1164,MCI WORLDCOM INC,WCOM,1998,1998Q3,-0.9252607293032907
1164,MCI WORLDCOM INC,WCOM,1998,1998Q4,-2.153796746267064
1164,MCI WORLDCOM INC,WCOM,1999,1999Q1,-2.3696067981554245
1164,MCI WORLDCOM INC,WCOM,1999,1999Q2,-2.743289496643308
1164,MCI WORLDCOM INC,WCOM,1999,1999Q3,-2.8297828016617577
1164,MCI WORLDCOM INC,WCOM,1999,1999Q4,-2.933843282036642
1164,MCI WORLDCOM INC,WCOM,2000,2000Q1,-2.4302093738597352
1164,WORLDCOM INC,WCOM,2000,2000Q2,-2.4811749059185226
1164,WORLDCOM INC,WCOM,2000,2000Q3,-2.830795408145895
1164,WORLDCOM INC,WCOM,2000,2000Q4,-2.782774251313428
1164,WORLDCOM INC,WCOM,2001,2001Q1,-2.5687560231085267
1164,WORLDCOM INC-WORLDCOM GROUP,WCOM,2001,2001Q2,-2.7405630067572115
1164,WORLDCOM INC-WORLDCOM GROUP,WCOM,2001,2001Q3,-2.6405827686180037
1164,WORLDCOM INC-WORLDCOM GROUP,WCOM,2001,2001Q4,-2.8395507247610556
1164,WORLDCOM INC-WORLDCOM GROUP,WCOM,2002,2002Q1,-2.5337147794662536
1164,WORLDCOM INC-WORLDCOM GROUP,3WCOEQ,2002,2002Q4,-2.510535580304635
1164,WORLDCOM INC-WORLDCOM GROUP,3WCOEQ,2003,2003Q1,-2.6321199220594713
1164,WORLDCOM INC-WORLDCOM GROUP,3WCOEQ,2003,2003Q2,-2.915156552413726
1164,WORLDCOM INC-WORLDCOM GROUP,WCOEQ,2003,2003Q3,-3.242284168456443
1164,WORLDCOM INC-WORLDCOM GROUP,WCOEQ,2003,2003Q4,0.5414811692370116
1164,WORLDCOM INC-WORLDCOM GROUP,WCOEQ,2004,2004Q1,-2.783744756599513
1164,MCI INC,WCOEQ,2004,2004Q2,-2.7167126156291808
1164,MCI INC,WCOEQ,2004,2004Q3,-3.578192464069821
1164,MCI INC,WCOEQ,2004,2004Q4,-2.4162383193076002
1164,MCI INC,WCOEQ,2005,2005Q1,-2.6056278950407825
1164,MCI INC,WCOEQ,2005,2005Q2,-2.606693981904799
1164,MCI INC,WCOEQ,2005,2005Q3,-2.6242389807009077
1213,AIRBORNE FREIGHT CORP,ABF,1989,1989Q1,-2.644485436480793
1213,AIRBORNE FREIGHT CORP,ABF,1989,1989Q2,-2.6453944938138134
1213,AIRBORNE FREIGHT CORP,ABF,1989,1989Q3,-2.813807255311981
1213,AIRBORNE FREIGHT CORP,ABF,1989,1989Q4,-3.188613410845663
1213,AIRBORNE FREIGHT CORP,ABF,1990,1990Q1,-2.6264173174694316
1213,AIRBORNE FREIGHT CORP,ABF,1990,1990Q2,-2.595051094828701
1213,AIRBORNE FREIGHT CORP,ABF,1990,1990Q3,-2.929237069472347
1213,AIRBORNE FREIGHT CORP,ABF,1990,1990Q4,-3.2574568292437127
1213,AIRBORNE FREIGHT CORP,ABF,1991,1991Q1,-2.721358231791094
1213,AIRBORNE FREIGHT CORP,ABF,1991,1991Q2,-2.8795192085896812
1213,AIRBORNE FREIGHT CORP,ABF,1991,1991Q3,-2.93747392017273
1213,AIRBORNE FREIGHT CORP,ABF,1991,1991Q4,-3.2066014337431152
1213,AIRBORNE FREIGHT CORP,ABF,1992,1992Q1,-2.6249616475757946
1213,AIRBORNE FREIGHT CORP,ABF,1992,1992Q2,-2.68928927433266
1213,AIRBORNE FREIGHT CORP,ABF,1992,1992Q3,-2.748280325814853
1213,AIRBORNE FREIGHT CORP,ABF,1992,1992Q4,-2.9609575552342373
1213,AIRBORNE FREIGHT CORP,ABF,1993,1993Q1,-2.521885196760502
1213,AIRBORNE FREIGHT CORP,ABF,1993,1993Q2,-2.84280295157125
1213,AIRBORNE FREIGHT CORP,ABF,1993,1993Q3,-3.0745567194513663
1213,AIRBORNE FREIGHT CORP,ABF,1993,1993Q4,-3.1664697635290864
1213,AIRBORNE FREIGHT CORP,ABF,1994,1994Q1,-2.459248422086115
1213,AIRBORNE FREIGHT CORP,ABF,1994,1994Q2,-2.8078272398156945
1213,AIRBORNE FREIGHT CORP,ABF,1994,1994Q3,-3.0413132043162148
1213,AIRBORNE FREIGHT CORP,ABF,1994,1994Q4,-3.0393673197807423
1213,AIRBORNE FREIGHT CORP,ABF,1995,1995Q1,-2.6277584353660446
1213,AIRBORNE FREIGHT CORP,ABF,1995,1995Q2,-2.720235985029266
1213,AIRBORNE FREIGHT CORP,ABF,1995,1995Q3,-2.778113719138331
1213,AIRBORNE FREIGHT CORP,ABF,1995,1995Q4,-2.542204165390706
1213,AIRBORNE FREIGHT CORP,ABF,1996,1996Q1,-2.6935257154420555
1213,AIRBORNE FREIGHT CORP,ABF,1996,1996Q2,-2.8664098788227053
1213,AIRBORNE FREIGHT CORP,ABF,1996,1996Q3,-2.3566487272562737
1213,AIRBORNE FREIGHT CORP,ABF,1996,1996Q4,-3.3241087971671393
1213,AIRBORNE FREIGHT CORP,ABF,1997,1997Q1,-2.6020817115944066
1213,AIRBORNE FREIGHT CORP,ABF,1997,1997Q2,-2.57558973349624
1213,AIRBORNE FREIGHT CORP,ABF,1997,1997Q3,-3.189827064997624
1213,AIRBORNE FREIGHT CORP,ABF,1997,1997Q4,-3.0569773376300247
1213,AIRBORNE FREIGHT CORP,ABF,1998,1998Q1,-2.4999376748076214
1213,AIRBORNE FREIGHT CORP,ABF,1998,1998Q2,-2.747614799896465
1213,AIRBORNE FREIGHT CORP,ABF,1998,1998Q3,-3.375235503699262
1213,AIRBORNE FREIGHT CORP,ABF,1998,1998Q4,-2.9955310545499563
1213,AIRBORNE FREIGHT CORP,ABF,1999,1999Q1,-2.732286944693857
1213,AIRBORNE FREIGHT CORP,ABF,1999,1999Q2,-2.8160228627120114
1213,AIRBORNE FREIGHT CORP,ABF,1999,1999Q3,-2.9744336464789534
1213,AIRBORNE FREIGHT CORP,ABF,1999,1999Q4,-3.0733056046993212
1213,AIRBORNE FREIGHT CORP,ABF,2000,2000Q1,-2.5973916717260437
1213,AIRBORNE FREIGHT CORP,ABF,2000,2000Q2,-2.9123721583909394
1213,AIRBORNE FREIGHT CORP,ABF,2000,2000Q3,-2.9005268344756487
1213,AIRBORNE INC,ABF,2000,2000Q4,-3.785451443687446
1213,AIRBORNE INC,ABF,2001,2001Q1,-3.1396001592523364
1213,AIRBORNE INC,ABF,2001,2001Q2,-2.8167299714034417
1213,AIRBORNE INC,ABF,2001,2001Q3,-3.3417010478208384
1213,AIRBORNE INC,ABF,2001,2001Q4,-3.027450753624954
1213,AIRBORNE INC,ABF,2002,2002Q1,-2.843211063804692
1213,AIRBORNE INC,ABF,2002,2002Q2,-1.9621203993898209
1213,AIRBORNE INC,ABF,2002,2002Q3,-2.5729145168588996
1213,AIRBORNE INC,ABF,2002,2002Q4,-3.260980941946139
1213,AIRBORNE INC,ABF,2003,2003Q1,-2.5479248411980437
1213,AIRBORNE INC,ABF,2003,2003Q2,-2.7968502749784254
1244,ALCIDE CORP,ALCD,1989,1989Q3,-1.5095627219136298
1244,ALCIDE CORP,ALCD,1989,1989Q4,-2.5602615583019572
1244,ALCIDE CORP,ALCD,1990,1990Q1,0.04304275743860453
1244,ALCIDE CORP,ALCD,1990,1990Q2,-1.1942571914561004
1244,ALCIDE CORP,ALCD,1990,1990Q3,-3.4138445027135007
1244,ALCIDE CORP,ALCD,1990,1990Q4,-0.3711882703659342
1244,ALCIDE CORP,ALCD,1991,1991Q1,-2.977317150535996
1260,ALFIN INC,AFN,1988,1988Q4,-1.0342606519088098
1260,ALFIN INC,AFN,1989,1989Q1,-2.847702878775644
1260,ALFIN INC,AFN,1989,1989Q2,-2.8774337381040915
1260,ALFIN INC,AFN,1989,1989Q3,-2.652625276362846
1260,ALFIN INC,AFN,1989,1989Q4,-1.982960747381126
1260,ALFIN INC,AFN,1990,1990Q1,-2.5886382008837425
1260,ALFIN INC,AFN,1990,1990Q2,-1.9222849497802026
1260,ALFIN INC,AFN,1990,1990Q3,-1.716302363016545
1260,ALFIN INC,AFN,1990,1990Q4,-1.6266826837558588
1260,ALFIN INC,AFN,1991,1991Q1,-2.7320562138074256
1260,ALFIN INC,AFN,1991,1991Q2,-2.532041241388764
1260,ALFIN INC,AFN,1991,1991Q3,-1.9235997263805111
1260,ALFIN INC,AFN,1991,1991Q4,-2.1772477605930507
1260,ALFIN INC,AFN,1992,1992Q1,-3.519291488252404
1260,ALFIN INC,AFN,1992,1992Q2,-2.820811670626168
1260,ALFIN INC,AFN,1992,1992Q3,-2.8869547083139637
1260,ALFIN INC,AFN,1992,1992Q4,-2.2324638519074
1260,ALFIN INC,AFN,1993,1993Q1,-3.9425211272339418
1260,ALFIN INC,AFN,1993,1993Q2,-2.2018023277022536
1260,ALFIN INC,AFN,1993,1993Q3,-2.7602317238220206
1260,ALFIN INC,AFN,1993,1993Q4,-1.8509247956169492
1260,ALFIN INC,AFN,1994,1994Q1,-2.842173292996072
1260,ALFIN INC,AFN,1994,1994Q2,-3.0085751067939746
1260,ALFIN INC,AFN,1994,1994Q3,-1.6617517171297898
1260,ALFIN INC,AFN,1994,1994Q4,-3.2423767734708537
1260,ALFIN INC,AFN,1995,1995Q1,-2.83323565932317
1260,ALFIN INC,AFN,1995,1995Q3,-3.717544071067502
1260,ALFIN INC,AFN,1995,1995Q4,-2.045410642026712
1260,ALFIN INC,AFN,1996,1996Q1,-2.0054684353917764
1260,ALFIN INC,AFN,1996,1996Q2,-3.2749752921684836
1260,ALFIN INC,AFN,1996,1996Q3,-3.4589501920235315
1260,ALFIN INC,AFN,1996,1996Q4,-2.6861648925098405
1260,ALFIN INC,AFN,1997,1997Q1,-2.6932463996556324
1260,ALFIN INC,AFN,1997,1997Q2,-3.365258234188167
1260,ALFIN INC,AFN,1998,1998Q2,2.415106143849059
1260,ADRIEN ARPEL INC,RPL,1998,1998Q3,-3.9057804449819344
1260,ADRIEN ARPEL INC,RPL,1998,1998Q4,-0.566078413734593
1260,ADRIEN ARPEL INC,3ADPL,1999,1999Q1,-5.554920959795233
1260,ADRIEN ARPEL INC,3ADPL,1999,1999Q2,-4.238160965591829
1360,SENTO TECHNICAL INNOVATIONS,3STIC,1996,1996Q4,inf
1360,SENTO TECHNICAL INNOVATIONS,SNTO,1997,1997Q2,-3.3195866232110784
1360,SENTO TECHNICAL INNOVATIONS,SNTO,1997,1997Q3,-1.5863571823114047
1360,SENTO TECHNICAL INNOVATIONS,SNTO,1997,1997Q4,-1.3735550685060938
1360,SENTO TECHNICAL INNOVATIONS,SNTO,1998,1998Q1,-1.5955056105576721
1360,SENTO TECHNICAL INNOVATIONS,SNTO,1998,1998Q2,-2.6327813719110957
1360,SENTO CORP,SNTO,1998,1998Q3,-2.7474614242637787
1360,SENTO CORP,SNTO,1999,1999Q2,-2.7781550185619834
1360,SENTO CORP,SNTO,1999,1999Q3,-2.070437443345402
1360,SENTO CORP,SNTO,1999,1999Q4,-1.039649324320207
1360,SENTO CORP,SNTO,2000,2000Q1,-2.367897680142122
1360,SENTO CORP,SNTO,2000,2000Q2,-3.025623694460741
1360,SENTO CORP,SNTO,2000,2000Q3,-2.7795864010214317
1360,SENTO CORP,SNTO,2000,2000Q4,-2.50718952596585
1360,SENTO CORP,SNTO,2001,2001Q1,-3.4806458808622045
1360,SENTO CORP,SNTO,2001,2001Q2,-0.44101777043499296
1360,SENTO CORP,SNTO,2001,2001Q3,-2.165437945588162
1360,SENTO CORP,SNTO,2001,2001Q4,-3.7037244968511054
1360,SENTO CORP,SNTO,2002,2002Q1,-2.4668496897111702
1360,SENTO CORP,SNTO,2002,2002Q2,-7.8911751475244705
1360,SENTO CORP,SNTO,2002,2002Q3,-3.294911578088558
1360,SENTO CORP,SNTO,2002,2002Q4,-4.014254388277544
1360,SENTO CORP,SNTO,2003,2003Q1,-2.8085713099136385
1360,SENTO CORP,SNTO,2003,2003Q2,-2.047272602115691
1360,SENTO CORP,SNTO,2003,2003Q3,-2.7889758617506484
1360,SENTO CORP,SNTO,2003,2003Q4,-2.762800214616045
1360,SENTO CORP,SNTO,2004,2004Q1,-2.4107082275663885
1360,SENTO CORP,SNTO,2004,2004Q2,-2.215841346686782
1360,SENTO CORP,SNTO,2004,2004Q3,-3.4630170894039423
1360,SENTO CORP,SNTO,2004,2004Q4,0.01790031438476078
1360,SENTO CORP,SNTO,2005,2005Q1,-3.2353490333733004
1360,SENTO CORP,SNTO,2005,2005Q2,-2.8569560281843542
1360,SENTO CORP,SNTO,2005,2005Q3,-2.419653675977584
1360,SENTO CORP,SNTO,2005,2005Q4,-1.2257674593900252
1360,SENTO CORP,SNTO,2006,2006Q1,-2.5132038359220266
1360,SENTO CORP,SNTO,2006,2006Q2,-2.2685790688799377
1360,SENTO CORP,SNTO,2006,2006Q3,1.0648205762528098
1360,SENTO CORP,SNTO,2006,2006Q4,-5.513840375339452
1369,AMBRIT INC,ABI,1988,1988Q3,-2.6236465514941476
1369,AMBRIT INC,ABI,1988,1988Q4,-3.095854087920288
1369,AMBRIT INC,ABI,1989,1989Q1,-2.6640896909755662
1369,AMBRIT INC,ABI,1989,1989Q2,-2.6181649535581903
1369,AMBRIT INC,ABI,1989,1989Q3,-2.267809988298637
1369,AMBRIT INC,ABI,1989,1989Q4,-2.7242219211255496
1523,AMERICAN MEDICAL ALERT CORP,AMAC,1990,1990Q2,-2.912756668237461
1523,AMERICAN MEDICAL ALERT CORP,AMAC,1990,1990Q3,-2.893898852104182
1523,AMERICAN MEDICAL ALERT CORP,AMAC,1990,1990Q4,-3.1640241739216153
1523,AMERICAN MEDICAL ALERT CORP,AMAC,1991,1991Q1,-2.305922422260947
1523,AMERICAN MEDICAL ALERT CORP,AMAC,1991,1991Q2,-2.3084008778134337
1523,AMERICAN MEDICAL ALERT CORP,AMAC,1991,1991Q3,-1.1298053642054802
1523,AMERICAN MEDICAL ALERT CORP,AMAC,1991,1991Q4,-2.819289007488433
1523,AMERICAN MEDICAL ALERT CORP,AMAC,1992,1992Q1,-2.4187770820357986
1523,AMERICAN MEDICAL ALERT CORP,AMAC,1992,1992Q2,-2.4638204342094547
1523,AMERICAN MEDICAL ALERT CORP,AMAC,1992,1992Q3,-2.5526978466959207
1523,AMERICAN MEDICAL ALERT CORP,AMAC,1992,1992Q4,-3.169216979858724
1523,AMERICAN MEDICAL ALERT CORP,AMAC,1993,1993Q1,2.4171753414361197
1523,AMERICAN MEDICAL ALERT CORP,AMAC,1993,1993Q2,-1.9420225479517352
1523,AMERICAN MEDICAL ALERT CORP,AMAC,1993,1993Q3,-2.601412620031475
1523,AMERICAN MEDICAL ALERT CORP,AMAC,1993,1993Q4,-2.9464669033072113
1523,AMERICAN MEDICAL ALERT CORP,AMAC,1994,1994Q1,-3.242693316235562
1523,AMERICAN MEDICAL ALERT CORP,AMAC,1994,1994Q2,-3.0905748891413554
1523,AMERICAN MEDICAL ALERT CORP,AMAC,1994,1994Q3,-3.5938949228232584
1523,AMERICAN MEDICAL ALERT CORP,AMAC,1994,1994Q4,-3.7666667845145927
1523,AMERICAN MEDICAL ALERT CORP,AMAC,1995,1995Q1,-2.793755776843688
1523,AMERICAN MEDICAL ALERT CORP,AMAC,1995,1995Q2,-2.493699319361517
1523,AMERICAN MEDICAL ALERT CORP,AMAC,1995,1995Q3,-2.765354859314796
1523,AMERICAN MEDICAL ALERT CORP,AMAC,1995,1995Q4,-3.8550697178306272
1523,AMERICAN MEDICAL ALERT CORP,AMAC,1996,1996Q1,-2.347228628137023
1523,AMERICAN MEDICAL ALERT CORP,AMAC,1996,1996Q2,-2.486032206941266
1523,AMERICAN MEDICAL ALERT CORP,AMAC,1996,1996Q3,-2.695901425183241
1523,AMERICAN MEDICAL ALERT CORP,AMAC,1996,1996Q4,2.966199030164254
1523,AMERICAN MEDICAL ALERT CORP,AMAC,1997,1997Q1,-2.4716852998286547
1523,AMERICAN MEDICAL ALERT CORP,AMAC,1997,1997Q2,-2.4263174376286987
1523,AMERICAN MEDICAL ALERT CORP,AMAC,1997,1997Q3,-2.632373853698122
1523,AMERICAN MEDICAL ALERT CORP,AMAC,1997,1997Q4,-3.45929471158015
1523,AMERICAN MEDICAL ALERT CORP,AMAC,1998,1998Q1,-0.7942867456837968
1523,AMERICAN MEDICAL ALERT CORP,AMAC,1998,1998Q2,-2.8172935895297484
1523,AMERICAN MEDICAL ALERT CORP,AMAC,1998,1998Q3,-2.8750063910124983
1523,AMERICAN MEDICAL ALERT CORP,AMAC,1998,1998Q4,-2.9414892840126114
1523,AMERICAN MEDICAL ALERT CORP,AMAC,1999,1999Q1,-2.52125437426835
1523,AMERICAN MEDICAL ALERT CORP,AMAC,1999,1999Q2,-2.741402144355169
1523,AMERICAN MEDICAL ALERT CORP,AMAC,1999,1999Q3,-2.8310909186921607
1523,AMERICAN MEDICAL ALERT CORP,AMAC,1999,1999Q4,-1.8863621095686816
1523,AMERICAN MEDICAL ALERT CORP,AMAC,2000,2000Q1,-2.549298783435449
1523,AMERICAN MEDICAL ALERT CORP,AMAC,2000,2000Q2,-2.886933498733766
1523,AMERICAN MEDICAL ALERT CORP,AMAC,2000,2000Q3,-3.0601010795341286
1523,AMERICAN MEDICAL ALERT CORP,AMAC,2000,2000Q4,-3.240644621586889
1523,AMERICAN MEDICAL ALERT CORP,AMAC,2001,2001Q1,-2.438825240788878
1523,AMERICAN MEDICAL ALERT CORP,AMAC,2001,2001Q4,-3.4115695579443637
1523,AMERICAN MEDICAL ALERT CORP,AMAC,2002,2002Q1,-2.3168224978574234
1523,AMERICAN MEDICAL ALERT CORP,AMAC,2002,2002Q2,-2.6310719307069674
1523,AMERICAN MEDICAL ALERT CORP,AMAC,2002,2002Q3,-2.776518682523316
1523,AMERICAN MEDICAL ALERT CORP,AMAC,2002,2002Q4,-3.1725912377240437
1523,AMERICAN MEDICAL ALERT CORP,AMAC,2003,2003Q1,-2.4316099501138564
1523,AMERICAN MEDICAL ALERT CORP,AMAC,2003,2003Q2,-2.611876293126298
1523,AMERICAN MEDICAL ALERT CORP,AMAC,2003,2003Q3,-3.0549422234510337
1523,AMERICAN MEDICAL ALERT CORP,AMAC,2003,2003Q4,-3.019760072069401
1523,AMERICAN MEDICAL ALERT CORP,AMAC,2004,2004Q1,-2.719439661053134
1523,AMERICAN MEDICAL ALERT CORP,AMAC,2004,2004Q2,-2.6845584321072766
1523,AMERICAN MEDICAL ALERT CORP,AMAC,2004,2004Q3,-2.900998839484121
1523,AMERICAN MEDICAL ALERT CORP,AMAC,2004,2004Q4,-3.57172001408395
1523,AMERICAN MEDICAL ALERT CORP,AMAC,2005,2005Q1,-2.454080294673355
1523,AMERICAN MEDICAL ALERT CORP,AMAC,2005,2005Q2,-2.673045629695363
1523,AMERICAN MEDICAL ALERT CORP,AMAC,2005,2005Q3,-2.795662844324507
1523,AMERICAN MEDICAL ALERT CORP,AMAC,2005,2005Q4,-3.2070899387337337
1523,AMERICAN MEDICAL ALERT CORP,AMAC,2006,2006Q1,-2.5199364604838492
1523,AMERICAN MEDICAL ALERT CORP,AMAC,2006,2006Q2,-2.697347775817905
1523,AMERICAN MEDICAL ALERT CORP,AMAC,2006,2006Q3,-2.955309284099233
1523,AMERICAN MEDICAL ALERT CORP,AMAC,2006,2006Q4,-2.981388734241583
1523,AMERICAN MEDICAL ALERT CORP,AMAC,2007,2007Q1,-2.6006119653826754
1523,AMERICAN MEDICAL ALERT CORP,AMAC,2007,2007Q2,-2.7540166870594147
1523,AMERICAN MEDICAL ALERT CORP,AMAC,2007,2007Q3,-3.0468938718901364
1523,AMERICAN MEDICAL ALERT CORP,AMAC,2007,2007Q4,-3.1912074807841107
1523,AMERICAN MEDICAL ALERT CORP,AMAC,2008,2008Q1,-2.5635100724798145
1523,AMERICAN MEDICAL ALERT CORP,AMAC,2008,2008Q2,-2.893587995938348
1523,AMERICAN MEDICAL ALERT CORP,AMAC,2008,2008Q3,-3.0576764258802562
1523,AMERICAN MEDICAL ALERT CORP,AMAC,2008,2008Q4,-3.2655904942066583
1523,AMERICAN MEDICAL ALERT CORP,AMAC,2009,2009Q1,-2.862603490385152
1523,AMERICAN MEDICAL ALERT CORP,AMAC,2009,2009Q2,-2.9801311276982028
1523,AMERICAN MEDICAL ALERT CORP,AMAC,2009,2009Q3,-3.072398549744706
1523,AMERICAN MEDICAL ALERT CORP,AMAC,2009,2009Q4,-3.26290785953013
1523,AMERICAN MEDICAL ALERT CORP,AMAC,2010,2010Q1,-2.6897779123618615
1523,AMERICAN MEDICAL ALERT CORP,AMAC,2010,2010Q2,-2.7284268840067774
1523,AMERICAN MEDICAL ALERT CORP,AMAC,2010,2010Q3,-3.0788830848901623
1523,AMERICAN MEDICAL ALERT CORP,AMAC,2010,2010Q4,-3.0949873057528148
1523,AMERICAN MEDICAL ALERT CORP,AMAC,2011,2011Q1,-2.7460089374732695
1523,AMERICAN MEDICAL ALERT CORP,AMAC,2011,2011Q2,-2.982473095086512
1523,AMERICAN MEDICAL ALERT CORP,AMAC,2011,2011Q3,-2.9913421506831783
1559,AMERICAN SHARED HSPTL SERV,AMS,1989,1989Q1,-3.4867498941779997
1559,AMERICAN SHARED HSPTL SERV,AMS,1989,1989Q2,-2.5608697358587764
1559,AMERICAN SHARED HSPTL SERV,AMS,1989,1989Q3,-3.0037232917440035
1559,AMERICAN SHARED HSPTL SERV,AMS,1989,1989Q4,-2.4594699699666123
1559,AMERICAN SHARED HSPTL SERV,AMS,1990,1990Q1,-2.7197538169178443
1559,AMERICAN SHARED HSPTL SERV,AMS,1990,1990Q2,-2.7477841612944127
1559,AMERICAN SHARED HSPTL SERV,AMS,1990,1990Q3,-2.8250377239476805
1559,AMERICAN SHARED HSPTL SERV,AMS,1990,1990Q4,-3.0904663253864086
1559,AMERICAN SHARED HSPTL SERV,AMS,1991,1991Q1,-2.760398229286306
1559,AMERICAN SHARED HSPTL SERV,AMS,1991,1991Q2,-2.9373599861900486
1559,AMERICAN SHARED HSPTL SERV,AMS,1991,1991Q3,-3.0322916515003824
1559,AMERICAN SHARED HSPTL SERV,AMS,1991,1991Q4,-3.4817978411513724
1559,AMERICAN SHARED HSPTL SERV,AMS,1992,1992Q1,-2.687582609101041
1559,AMERICAN SHARED HSPTL SERV,AMS,1992,1992Q2,-2.971079383814987
1559,AMERICAN SHARED HSPTL SERV,AMS,1992,1992Q3,-3.328416425171866
1559,AMERICAN SHARED HSPTL SERV,AMS,1992,1992Q4,-3.5070610869253356
1559,AMERICAN SHARED HSPTL SERV,AMS,1993,1993Q1,-2.8338999196562358
1559,AMERICAN SHARED HSPTL SERV,AMS,1993,1993Q2,-2.9461451338158313
1559,AMERICAN SHARED HSPTL SERV,AMS,1993,1993Q3,-3.064373118866273
1559,AMERICAN SHARED HSPTL SERV,AMS,1993,1993Q4,-4.492226335325662
1559,AMERICAN SHARED HSPTL SERV,AMS,1994,1994Q1,-2.8985114940838943
1559,AMERICAN SHARED HSPTL SERV,AMS,1994,1994Q2,-2.999333099080298
1559,AMERICAN SHARED HSPTL SERV,AMS,1994,1994Q3,-2.8871593685162935
1559,AMERICAN SHARED HSPTL SERV,AMS,1994,1994Q4,-3.3145914049974263
1559,AMERICAN SHARED HSPTL SERV,AMS,1995,1995Q1,-2.7426643576895144
1559,AMERICAN SHARED HSPTL SERV,AMS,1995,1995Q2,-3.744616686573849
1559,AMERICAN SHARED HSPTL SERV,AMS,1995,1995Q3,-3.1332617661930144
1559,AMERICAN SHARED HSPTL SERV,AMS,1995,1995Q4,-3.816384868683027
1559,AMERICAN SHARED HSPTL SERV,AMS,1996,1996Q1,-2.8531399479841095
1559,AMERICAN SHARED HSPTL SERV,AMS,1996,1996Q2,-3.0259532028801197
1559,AMERICAN SHARED HSPTL SERV,AMS,1996,1996Q3,-3.221466264062557
1559,AMERICAN SHARED HSPTL SERV,AMS,1996,1996Q4,-3.8957790820648746
1559,AMERICAN SHARED HSPTL SERV,AMS,1997,1997Q1,-2.7370686958188575
1559,AMERICAN SHARED HSPTL SERV,AMS,1997,1997Q2,-3.0017641794131813
1559,AMERICAN SHARED HSPTL SERV,AMS,1997,1997Q3,-3.287420114270942
1559,AMERICAN SHARED HSPTL SERV,AMS,1997,1997Q4,-3.4629568523313354
1559,AMERICAN SHARED HSPTL SERV,AMS,1998,1998Q1,-2.9170217365867943
1559,AMERICAN SHARED HSPTL SERV,AMS,1998,1998Q2,-3.4054270194586818
1559,AMERICAN SHARED HSPTL SERV,AMS,1998,1998Q3,-3.3753407005309537
1559,AMERICAN SHARED HSPTL SERV,AMS,1998,1998Q4,-1.8775633496685664
1559,AMERICAN SHARED HSPTL SERV,AMS,1999,1999Q1,-0.6867764519918742
1559,AMERICAN SHARED HSPTL SERV,AMS,1999,1999Q2,-2.70216382785432
1559,AMERICAN SHARED HSPTL SERV,AMS,1999,1999Q3,-2.553375118552994
1559,AMERICAN SHARED HSPTL SERV,AMS,1999,1999Q4,-3.78086893856945
1559,AMERICAN SHARED HSPTL SERV,AMS,2000,2000Q1,-2.855026833619944
1559,AMERICAN SHARED HSPTL SERV,AMS,2000,2000Q2,-2.3325615458118945
1559,AMERICAN SHARED HSPTL SERV,AMS,2000,2000Q3,-2.8384899423061354
1559,AMERICAN SHARED HSPTL SERV,AMS,2000,2000Q4,-2.604616800198648
1559,AMERICAN SHARED HSPTL SERV,AMS,2001,2001Q1,-2.66542478320781
1559,AMERICAN SHARED HSPTL SERV,AMS,2001,2001Q2,-2.6221544328255617
1559,AMERICAN SHARED HSPTL SERV,AMS,2001,2001Q3,-2.643056654696799
1559,AMERICAN SHARED HSPTL SERV,AMS,2001,2001Q4,-4.526703612540764
1559,AMERICAN SHARED HSPTL SERV,AMS,2002,2002Q1,-2.956056825947798
1559,AMERICAN SHARED HSPTL SERV,AMS,2002,2002Q2,-2.417699409674267
1559,AMERICAN SHARED HSPTL SERV,AMS,2002,2002Q3,-2.637995754420326
1559,AMERICAN SHARED HSPTL SERV,AMS,2002,2002Q4,-2.983154325909828
1559,AMERICAN SHARED HSPTL SERV,AMS,2003,2003Q1,-3.050958389035435
1559,AMERICAN SHARED HSPTL SERV,AMS,2003,2003Q2,-2.512152578105656
1559,AMERICAN SHARED HSPTL SERV,AMS,2003,2003Q3,-2.878164135736012
1559,AMERICAN SHARED HSPTL SERV,AMS,2003,2003Q4,-3.4046930069862196
1559,AMERICAN SHARED HSPTL SERV,AMS,2004,2004Q1,-2.6195281021063628
1559,AMERICAN SHARED HSPTL SERV,AMS,2004,2004Q2,-2.7916361188329906
1559,AMERICAN SHARED HSPTL SERV,AMS,2004,2004Q3,-2.795372407782187
1559,AMERICAN SHARED HSPTL SERV,AMS,2004,2004Q4,-3.1826074975157157
1559,AMERICAN SHARED HSPTL SERV,AMS,2005,2005Q1,-2.80671784969314
1559,AMERICAN SHARED HSPTL SERV,AMS,2005,2005Q2,-2.804986296779943
1559,AMERICAN SHARED HSPTL SERV,AMS,2005,2005Q3,-2.8228965243066604
1559,AMERICAN SHARED HSPTL SERV,AMS,2005,2005Q4,2.869284659993958
1559,AMERICAN SHARED HSPTL SERV,AMS,2006,2006Q1,-2.8291007936858756
1559,AMERICAN SHARED HSPTL SERV,AMS,2006,2006Q2,-1.491242474615351
1559,AMERICAN SHARED HSPTL SERV,AMS,2006,2006Q3,-3.1397818977412504
1559,AMERICAN SHARED HSPTL SERV,AMS,2006,2006Q4,-2.9974305928118596
1559,AMERICAN SHARED HSPTL SERV,AMS,2007,2007Q1,-2.632645322446077
1559,AMERICAN SHARED HSPTL SERV,AMS,2007,2007Q2,-3.2227453282749354
1559,AMERICAN SHARED HSPTL SERV,AMS,2007,2007Q3,-3.2696823058602975
1559,AMERICAN SHARED HSPTL SERV,AMS,2007,2007Q4,-1.937711001397275
1559,AMERICAN SHARED HSPTL SERV,AMS,2008,2008Q1,-2.0385544693288566
1559,AMERICAN SHARED HSPTL SERV,AMS,2008,2008Q2,-2.995640276553921
1559,AMERICAN SHARED HSPTL SERV,AMS,2008,2008Q3,-3.0814318265769742
1559,AMERICAN SHARED HSPTL SERV,AMS,2008,2008Q4,-4.556337861890452
1559,AMERICAN SHARED HSPTL SERV,AMS,2009,2009Q1,-3.4054638242899333
1559,AMERICAN SHARED HSPTL SERV,AMS,2009,2009Q2,-2.3815777567011325
1559,AMERICAN SHARED HSPTL SERV,AMS,2009,2009Q3,-2.926331534847826
1559,AMERICAN SHARED HSPTL SERV,AMS,2009,2009Q4,-3.16129135633741
1559,AMERICAN SHARED HSPTL SERV,AMS,2010,2010Q1,-2.481049644056184
1559,AMERICAN SHARED HSPTL SERV,AMS,2010,2010Q2,-2.6537999858390777
1559,AMERICAN SHARED HSPTL SERV,AMS,2010,2010Q3,-2.8667298860674872
1559,AMERICAN SHARED HSPTL SERV,AMS,2010,2010Q4,-3.097965391498547
1559,AMERICAN SHARED HSPTL SERV,AMS,2011,2011Q1,-2.5534310667344386
1559,AMERICAN SHARED HSPTL SERV,AMS,2011,2011Q2,-2.6392562556447907
1559,AMERICAN SHARED HSPTL SERV,AMS,2011,2011Q3,-1.8588398554982084
1559,AMERICAN SHARED HSPTL SERV,AMS,2011,2011Q4,-2.7778071158759516
1559,AMERICAN SHARED HSPTL SERV,AMS,2012,2012Q1,-2.1813923823357197
1559,AMERICAN SHARED HSPTL SERV,AMS,2012,2012Q2,-2.672566803771456
1559,AMERICAN SHARED HSPTL SERV,AMS,2012,2012Q3,-2.5799937827283324
1559,AMERICAN SHARED HSPTL SERV,AMS,2012,2012Q4,-3.3355268019030495
1559,AMERICAN SHARED HSPTL SERV,AMS,2013,2013Q1,-2.1295787520133485
1559,AMERICAN SHARED HSPTL SERV,AMS,2013,2013Q2,-2.5612611137541252
1577,AMERICAN TECH CERAMICS CORP,AMK,1988,1988Q3,-2.8059814897877797
1577,AMERICAN TECH CERAMICS CORP,AMK,1988,1988Q4,-2.3995558039734184
1577,AMERICAN TECH CERAMICS CORP,AMK,1989,1989Q1,-2.9962422074911133
1577,AMERICAN TECH CERAMICS CORP,AMK,1989,1989Q2,-2.6480181201180377
1577,AMERICAN TECH CERAMICS CORP,AMK,1989,1989Q3,-2.349601626739057
1577,AMERICAN TECH CERAMICS CORP,AMK,1989,1989Q4,-2.611650279693281
1577,AMERICAN TECH CERAMICS CORP,AMK,1990,1990Q1,-2.2964404142815447
1577,AMERICAN TECH CERAMICS CORP,AMK,1990,1990Q2,-2.627814361821894
1577,AMERICAN TECH CERAMICS CORP,AMK,1990,1990Q3,-2.498722249475538
1577,AMERICAN TECH CERAMICS CORP,AMK,1990,1990Q4,-2.436504934741002
1577,AMERICAN TECH CERAMICS CORP,AMK,1991,1991Q1,-2.2420467760555116
1577,AMERICAN TECH CERAMICS CORP,AMK,1991,1991Q2,-2.734921804695051
1577,AMERICAN TECH CERAMICS CORP,AMK,1991,1991Q3,-2.4791825795851374
1577,AMERICAN TECH CERAMICS CORP,AMK,1991,1991Q4,-2.778670537104825
1577,AMERICAN TECH CERAMICS CORP,AMK,1992,1992Q1,-2.5532447221521974
1577,AMERICAN TECH CERAMICS CORP,AMK,1992,1992Q2,-2.719638876399361
1577,AMERICAN TECH CERAMICS CORP,AMK,1992,1992Q3,-2.689310898100365
1577,AMERICAN TECH CERAMICS CORP,AMK,1992,1992Q4,-2.7933258791095996
1577,AMERICAN TECH CERAMICS CORP,AMK,1993,1993Q1,-2.608926055864918
1577,AMERICAN TECH CERAMICS CORP,AMK,1993,1993Q2,-2.9684742187292503
1577,AMERICAN TECH CERAMICS CORP,AMK,1993,1993Q3,-2.1694815841266544
1577,AMERICAN TECH CERAMICS CORP,AMK,1993,1993Q4,-2.652565011491034
1577,AMERICAN TECH CERAMICS CORP,AMK,1994,1994Q1,-2.6427134347136856
1577,AMERICAN TECH CERAMICS CORP,AMK,1994,1994Q2,-2.8356118541439876
1577,AMERICAN TECH CERAMICS CORP,AMK,1994,1994Q3,-2.50044194869705
1577,AMERICAN TECH CERAMICS CORP,AMK,1994,1994Q4,-2.68928499672643
1577,AMERICAN TECH CERAMICS CORP,AMK,1995,1995Q1,-2.306450889655823
1577,AMERICAN TECH CERAMICS CORP,AMK,1995,1995Q2,-3.105952671429466
1577,AMERICAN TECH CERAMICS CORP,AMK,1995,1995Q3,-1.8699781340103667
1577,AMERICAN TECH CERAMICS CORP,AMK,1995,1995Q4,-2.4444536103150947
1577,AMERICAN TECH CERAMICS CORP,AMK,1996,1996Q1,-2.2205335775522683
1577,AMERICAN TECH CERAMICS CORP,AMK,1996,1996Q2,-2.598326105392553
1577,AMERICAN TECH CERAMICS CORP,AMK,1996,1996Q3,-2.5129885462133994
1577,AMERICAN TECH CERAMICS CORP,AMK,1996,1996Q4,-2.830857180053481
1577,AMERICAN TECH CERAMICS CORP,AMK,1997,1997Q1,-2.7003185814547943
1577,AMERICAN TECH CERAMICS CORP,AMK,1997,1997Q2,-3.3541431308790264
1577,AMERICAN TECH CERAMICS CORP,AMK,1997,1997Q3,-2.354286038974624
1577,AMERICAN TECH CERAMICS CORP,AMK,1997,1997Q4,-2.8016309798601693
1577,AMERICAN TECH CERAMICS CORP,AMK,1998,1998Q1,-3.0766490173617282
1577,AMERICAN TECH CERAMICS CORP,AMK,1998,1998Q2,-3.1007436092877176
1577,AMERICAN TECH CERAMICS CORP,AMK,1998,1998Q3,-2.3855025151064875
1577,AMERICAN TECH CERAMICS CORP,AMK,1998,1998Q4,-2.4594698213450763
1577,AMERICAN TECH CERAMICS CORP,AMK,1999,1999Q1,-2.3284274657323194
1577,AMERICAN TECH CERAMICS CORP,AMK,1999,1999Q2,-2.6223956602319634
1577,AMERICAN TECH CERAMICS CORP,AMK,1999,1999Q3,-2.0067117800854533
1577,AMERICAN TECH CERAMICS CORP,AMK,1999,1999Q4,-2.63176685428285
1577,AMERICAN TECH CERAMICS CORP,AMK,2000,2000Q1,-2.7219707086861864
1577,AMERICAN TECH CERAMICS CORP,AMK,2000,2000Q2,-2.4908262225604143
1577,AMERICAN TECH CERAMICS CORP,AMK,2000,2000Q3,-2.403728996543627
1577,AMERICAN TECH CERAMICS CORP,AMK,2000,2000Q4,-2.593474385627935
1577,AMERICAN TECH CERAMICS CORP,AMK,2001,2001Q1,-2.569900783985041
1577,AMERICAN TECH CERAMICS CORP,AMK,2001,2001Q2,-3.091525971419285
1577,AMERICAN TECH CERAMICS CORP,AMK,2001,2001Q3,-2.915051808187706
1577,AMERICAN TECH CERAMICS CORP,AMK,2001,2001Q4,-2.4903727903792676
1577,AMERICAN TECH CERAMICS CORP,AMK,2002,2002Q1,-2.822732973116061
1577,AMERICAN TECH CERAMICS CORP,AMK,2002,2002Q2,-2.6662364307160566
1577,AMERICAN TECH CERAMICS CORP,AMK,2002,2002Q3,-3.0470900038088744
1577,AMERICAN TECH CERAMICS CORP,AMK,2002,2002Q4,-2.9499068991991013
1577,AMERICAN TECH CERAMICS CORP,AMK,2003,2003Q1,-2.6609748981725803
1577,AMERICAN TECH CERAMICS CORP,AMK,2003,2003Q2,-3.0094025843163887
1577,AMERICAN TECH CERAMICS CORP,AMK,2003,2003Q3,-2.780308301669324
1577,AMERICAN TECH CERAMICS CORP,AMK,2003,2003Q4,-2.240084610141283
1577,AMERICAN TECH CERAMICS CORP,AMK,2004,2004Q1,-2.290597866015551
1577,AMERICAN TECH CERAMICS CORP,AMK,2004,2004Q2,-0.26499757975380955
1577,AMERICAN TECH CERAMICS CORP,AMK,2004,2004Q3,-2.4773993990051553
1577,AMERICAN TECH CERAMICS CORP,AMK,2004,2004Q4,-2.867609725395962
1577,AMERICAN TECHNICAL CERAMICS,AMK,2005,2005Q1,-2.337980456303441
1577,AMERICAN TECHNICAL CERAMICS,AMK,2005,2005Q2,-3.1815287619728023
1577,AMERICAN TECHNICAL CERAMICS,AMK,2005,2005Q3,-4.088332606150149
1577,AMERICAN TECHNICAL CERAMICS,AMK,2005,2005Q4,-2.2792128794170163
1577,AMERICAN TECHNICAL CERAMICS,AMK,2006,2006Q1,-2.5920827675919753
1577,AMERICAN TECHNICAL CERAMICS,AMK,2006,2006Q2,-2.517706338804079
1577,AMERICAN TECHNICAL CERAMICS,AMK,2006,2006Q3,-2.6636339996619625
1577,AMERICAN TECHNICAL CERAMICS,AMK,2006,2006Q4,-2.6833299712144583
1577,AMERICAN TECHNICAL CERAMICS,AMK,2007,2007Q1,-1.5972057424571733
1577,AMERICAN TECHNICAL CERAMICS,AMK,2007,2007Q2,-2.9081121557798553
1598,AMETEK INC,AME,1988,1988Q2,-2.436299613066868
1598,AMETEK INC,AME,1988,1988Q3,-2.492410409608742
1598,AMETEK INC,AME,1988,1988Q4,-2.919671890362225
1598,AMETEK INC,AME,1989,1989Q1,-2.2233841207706133
1598,AMETEK INC,AME,1989,1989Q2,-2.652055527578733
1598,AMETEK INC,AME,1989,1989Q3,-2.166946655270999
1598,AMETEK INC,AME,1989,1989Q4,-3.0174486868555483
1598,AMETEK INC,AME,1990,1990Q1,-2.4996587551482654
1598,AMETEK INC,AME,1990,1990Q2,-2.9190543878964887
1598,AMETEK INC,AME,1990,1990Q3,-2.630281706723733
1598,AMETEK INC,AME,1990,1990Q4,-3.1982484712697894
1598,AMETEK INC,AME,1991,1991Q1,-2.2803313327369734
1598,AMETEK INC,AME,1991,1991Q2,-2.6563444465076307
1598,AMETEK INC,AME,1991,1991Q3,-2.7837406154027433
1598,AMETEK INC,AME,1991,1991Q4,-3.0423747444987668
1598,AMETEK INC,AME,1992,1992Q1,-2.480846402528699
1598,AMETEK INC,AME,1992,1992Q2,-2.6070946100662047
1598,AMETEK INC,AME,1992,1992Q3,-2.716381579398655
1598,AMETEK INC,AME,1992,1992Q4,-3.117760572756654
1598,AMETEK INC,AME,1993,1993Q1,-2.3897668403194627
1598,AMETEK INC,AME,1993,1993Q2,-2.702459328765459
1598,AMETEK INC,AME,1993,1993Q3,-2.720277318680556
1598,AMETEK INC,AME,1993,1993Q4,-3.1607487816654873
1598,AMETEK INC,AME,1994,1994Q1,-2.85248382202657
1598,AMETEK INC,AME,1994,1994Q2,-3.0706535033641766
1598,AMETEK INC,AME,1994,1994Q3,-3.197641896661172
1598,AMETEK INC,AME,1994,1994Q4,-3.4935729239366617
1598,AMETEK INC,AME,1995,1995Q1,-2.1108444829677806
1598,AMETEK INC,AME,1995,1995Q2,-2.6394663419923923
1598,AMETEK INC,AME,1995,1995Q3,-2.6808560840434446
1598,AMETEK INC,AME,1995,1995Q4,-3.0131661067469047
1598,AMETEK INC,AME,1996,1996Q1,-2.1030793357916426
1598,AMETEK INC,AME,1996,1996Q2,-2.714567567855174
1598,AMETEK INC,AME,1996,1996Q3,-2.783317570790147
1598,AMETEK INC,AME,1996,1996Q4,-2.9937887949896664
1598,AMETEK INC,AME,1997,1997Q1,-2.2644659682632886
1598,AMETEK INC,AME,1997,1997Q2,-3.3705923972231764
1598,AMETEK INC,AME,1997,1997Q3,-4.329818704017542
1598,AMETEK INC,AME,1997,1997Q4,-2.9951369551122675
1598,AMETEK INC,AME,1998,1998Q1,-2.2192903681890717
1598,AMETEK INC,AME,1998,1998Q2,-2.562211972567507
1598,AMETEK INC,AME,1998,1998Q3,-2.6610472767712623
1598,AMETEK INC,AME,1998,1998Q4,-3.066107717817345
1598,AMETEK INC,AME,1999,1999Q1,-2.407684761893104
1598,AMETEK INC,AME,1999,1999Q2,-2.6160386541140923
1598,AMETEK INC,AME,1999,1999Q3,-2.70845896633508
1598,AMETEK INC,AME,1999,1999Q4,-3.4298800128878932
1598,AMETEK INC,AME,2000,2000Q1,-2.3607283382496766
1598,AMETEK INC,AME,2000,2000Q2,-2.425289065243755
1598,AMETEK INC,AME,2000,2000Q3,-2.630525451206719
1598,AMETEK INC,AME,2000,2000Q4,-2.810305519089074
1598,AMETEK INC,AME,2001,2001Q1,-2.328174539787511
1598,AMETEK INC,AME,2001,2001Q2,-1.9252338593870013
1598,AMETEK INC,AME,2001,2001Q3,-2.374094827004351
1598,AMETEK INC,AME,2001,2001Q4,-2.7779081438976965
1598,AMETEK INC,AME,2002,2002Q1,-2.383728582763794
1598,AMETEK INC,AME,2002,2002Q2,-2.622914866054856
1598,AMETEK INC,AME,2002,2002Q3,-2.8303520143663894
1598,AMETEK INC,AME,2002,2002Q4,-2.807158814329692
1598,AMETEK INC,AME,2003,2003Q1,-2.4072799756118717
1598,AMETEK INC,AME,2003,2003Q2,-2.713502930340263
1598,AMETEK INC,AME,2003,2003Q3,-2.831790626618897
1598,AMETEK INC,AME,2003,2003Q4,-2.9669002543042833
1598,AMETEK INC,AME,2004,2004Q1,-2.491849996750188
1598,AMETEK INC,AME,2004,2004Q2,-2.565830256204376
1598,AMETEK INC,AME,2004,2004Q3,-2.7526743665223963
1598,AMETEK INC,AME,2004,2004Q4,-2.923189685930776
1598,AMETEK INC,AME,2005,2005Q1,-2.3210237970626904
1598,AMETEK INC,AME,2005,2005Q2,-2.561588790477888
1598,AMETEK INC,AME,2005,2005Q3,-2.760264057349751
1598,AMETEK INC,AME,2005,2005Q4,-2.674088720721211
1598,AMETEK INC,AME,2006,2006Q1,-2.3840334807542813
1598,AMETEK INC,AME,2006,2006Q2,-2.546815086198394
1598,AMETEK INC,AME,2006,2006Q3,-2.72403641064086
1598,AMETEK INC,AME,2006,2006Q4,-2.8134782654850694
1598,AMETEK INC,AME,2007,2007Q1,-2.455595616699346
1598,AMETEK INC,AME,2007,2007Q2,-2.5638637559932427
1598,AMETEK INC,AME,2007,2007Q3,-2.734687539976118
1598,AMETEK INC,AME,2007,2007Q4,-2.7824934371887355
1598,AMETEK INC,AME,2008,2008Q1,-2.402015001864356
1598,AMETEK INC,AME,2008,2008Q2,-2.5971803797658586
1598,AMETEK INC,AME,2008,2008Q3,-2.67010187682876
1598,AMETEK INC,AME,2008,2008Q4,-2.8934842982336884
1598,AMETEK INC,AME,2009,2009Q1,-2.5756109221609096
1598,AMETEK INC,AME,2009,2009Q2,-2.654063288227772
1598,AMETEK INC,AME,2009,2009Q3,-2.817454826243972
1598,AMETEK INC,AME,2009,2009Q4,-2.971647593519344
1598,AMETEK INC,AME,2010,2010Q1,-2.486357955312185
1598,AMETEK INC,AME,2010,2010Q2,-2.6147934539323634
1598,AMETEK INC,AME,2010,2010Q3,-2.6888829737132474
1598,AMETEK INC,AME,2010,2010Q4,-2.892193391261168
1598,AMETEK INC,AME,2011,2011Q1,-2.3922931055332386
1598,AMETEK INC,AME,2011,2011Q2,-2.6176251808231785
1598,AMETEK INC,AME,2011,2011Q3,-2.7898125033636094
1598,AMETEK INC,AME,2011,2011Q4,-2.9390196036220866
1598,AMETEK INC,AME,2012,2012Q1,-2.437899216486768
1598,AMETEK INC,AME,2012,2012Q2,-2.5838647009597704
1598,AMETEK INC,AME,2012,2012Q3,-2.731593273394511
1598,AMETEK INC,AME,2012,2012Q4,-2.881457685928456
1598,AMETEK INC,AME,2013,2013Q1,-2.509546196355226
1598,AMETEK INC,AME,2013,2013Q2,-2.5678800462422613
1609,AMOCO CORP,AN,1988,1988Q1,
