date,average beta,average MCAP,WAB,average beta trend,average MCAP trend,WAB trend,average beta velocity,average beta acceleration,average MCAP velocity,average MCAP acceleration,WAB velocity,WAB acceleration,Quarter
1975-06-30,0.6106819109840751,144714.90719426295,0.0001928601552523344,0.6142852378356509,139490.32444248453,0.0001921326659912448,0.0018955742126131603,0.0025729874718947165,-684.5400909200107,-3958.991073206649,-1.0776827872685952e-06,2.0901139489359823e-08,1975Q2
1975-09-30,0.6162081558125381,126640.13525182592,0.00019132505876513873,0.6131794043364436,129419.77767029691,0.00019055898732331876,-0.0070764924824940345,-0.0015180947883939588,-356.55069678634027,2646.856665237312,-1.744759627634126e-07,2.5498489915890725e-08,1975Q3
1975-12-31,0.6101905147952978,132300.39980239156,0.00018957294704986314,0.6156436261433372,138072.82863828941,0.0001912035922805475,0.014366192556513668,0.003729823073673366,5290.5856386753585,1105.3228626309901,6.768474897485635e-07,7.100103645243819e-08,1975Q4
1976-03-31,0.6386864147088867,154190.86227017365,0.00019250747467695895,0.6422185807500005,151537.5186116629,0.0001910194299303146,-0.0006154180379159269,-0.0037137672992086923,874.3940741276601,-2136.524607919244,-6.577210499343774e-07,-2.5632742095188835e-07,1976Q1
1976-06-30,0.6323260517799353,153426.689636428,0.00018911191216310007,0.6337518766867729,152836.01768438466,0.0001893496500782646,-0.0039950812142422465,-0.0007564413824025507,2350.730567404986,802.7946870330852,1.1974454590476418e-06,7.899562848838758e-07,1976Q2
1976-09-30,0.6161808340016038,155248.3052952085,0.0001854757634390539,0.6161286786772662,155827.6828844683,0.00018974589918934335,-0.00886562734620766,0.0003006470193167299,-1942.1088574651367,-139.2332324876188,-3.1935092181427854e-06,-8.870147531095211e-07,1976Q3
1976-12-31,0.6066513210568455,160206.40383556846,0.00018310155071803527,0.603401262778376,156616.09086362523,0.00018406264839333552,8.7920295136934e-05,-0.0002474918269013693,888.8029737861216,-1644.703090681949,2.2389625265232214e-08,2.0949002238723454e-07,1976Q4
1977-03-31,0.5925206195936431,151369.43305547175,0.00018482296952926082,0.5952206382874579,151743.26205129607,0.00018436460766240868,-0.0035592368249269812,0.0006147385108453141,-851.9420012948394,1940.3424553522418,7.67599908437408e-07,5.406514742271223e-07,1977Q1
1977-06-30,0.5841410488245932,159973.74235859956,0.00018824293808458126,0.5883994730401618,156646.12497288868,0.00018768342494487178,-0.0015970015763769885,0.00016901852925330085,1596.9251660194423,-1140.3998338792226,4.257808395566521e-07,-3.7205416297670497e-07,1977Q2
1977-09-30,0.5829335494327391,156789.08420912683,0.00018832167083372402,0.5885321119320032,154317.12999855948,0.00018818126771372417,0.006019154612863231,0.0046039146075612936,-1099.7402098070597,1090.7030812759112,4.5790115790762646e-07,3.254374555206613e-07,1977Q3
1977-12-30,0.6187947882736157,158000.93030461116,0.00019095656632870067,0.6192103128162544,155068.42990820634,0.00019031423954080372,0.006874910997383965,-0.004538979276008326,-1426.625694119357,-1090.2360116648051,2.0571193279914687e-07,-4.117815117361305e-07,1977Q4
1978-03-31,0.6169923727066584,154680.31422023498,0.00019084735839071311,0.6116315909172535,156117.1184763047,0.0001916601054757046,-0.010226519314746163,-0.000747664880756338,6049.22116757484,2017.4250393553666,1.6851341254945734e-06,3.9869918979468336e-07,1978Q1
1978-06-30,0.6012642251189737,169316.95930485,0.00019466835057374912,0.5981091847458694,172566.1205797866,0.00019503267370080634,0.0006851037765073786,0.002822475277122094,4570.248510081656,78.71014918828587,-1.5102482537128383e-07,-7.29447967115516e-07,1978Q2
1978-09-29,0.6220223787815997,184350.19126217364,0.00019227054617868496,0.6687662748587118,176864.66413473434,0.0001912218593078944,0.06702333674307054,0.015319926428744829,-5607.083099931697,-2764.8973027198444,-1.8052886341967577e-06,5.70232617571096e-07,1978Q3
1978-12-29,0.8054118377483444,167602.52562344784,0.00019291871541182482,0.8044677080489357,169739.00411851128,0.00019199013097469152,0.0007062180291889653,-0.019091572627502496,3148.544121705665,1883.4006611285367,1.007194444124131e-06,-5.176995668106847e-07,1978Q4
1979-03-30,0.779546965918537,180346.14300432254,0.00019165952873552626,0.7820337291324878,178015.9437273424,0.00019135706831552678,-0.010543859508317543,0.0006458564255731603,2355.0668364029407,-147.75598017509037,1.3495116654149426e-07,5.483021518731785e-07,1979Q1
1979-06-29,0.7574286309647843,189359.90085173995,0.00019315213050761053,0.7562912983732671,187137.82173663436,0.00019306983816241868,-0.010904854796846886,-0.003200062608721299,5522.606332070354,1118.6995784223182,3.7293044736295814e-07,-3.522305411386825e-07,1979Q2
1979-09-28,0.7113801756587202,199278.97921894604,0.00019083425426569145,0.7616952123012073,194875.37887893556,0.00019313801973986098,0.030329732157310885,0.00903890442135663,-3113.770468110786,-556.3408626257951,8.04332273233885e-07,9.451911557728973e-07,1979Q3
1979-12-31,0.7962403343782655,202137.06374900104,0.00019825622599761885,0.7915652094826912,201770.08335075487,0.00019684170288411564,-0.027280795190881668,-0.0077888761534732065,5683.3363992683735,-3705.8712793619634,-8.465616923139562e-07,-1.2323483607173456e-06,1979Q4
1980-03-31,0.8012817840766987,180374.45162493121,0.0001969191034216633,0.7650422423162877,189096.11420749748,0.00019429450630080837,0.0049330348494664444,-0.005097883654130775,-4292.463332919317,5669.089558863598,1.9676445189007775e-07,-1.4170992289626425e-08,1980Q1
1980-06-30,0.7236622943993337,205626.8438959442,0.0001927308640535682,0.7278736756511677,207431.6421425183,0.00019258601276425007,-0.01758418406401796,0.006370009925369846,8848.425648948614,-1197.2100763354392,-8.277682051445679e-07,5.381230993911344e-07,1980Q2
1980-09-30,0.7091310629514963,227671.2541115748,0.00019423057702986987,0.6948757281660156,224443.8516146936,0.0001916538888794678,-0.012998339941480253,-0.0014555332922392972,4509.25066580312,-217.47229578527913,-1.2562125686953283e-07,-1.8015719899713433e-07,1980Q3
1980-12-31,0.6783514931396287,236102.91415170502,0.00018992704628069675,0.6802880324053517,233478.35236549098,0.0001894990559004672,0.010124889073820087,0.002258238143858088,-1919.2295956638845,-1402.2212240537629,-1.8991696170591845e-06,-5.955901169654693e-07,1980Q4
1981-03-31,0.6671625124626122,238508.39488080158,0.0001826618856583437,0.675916564645763,233826.39338202926,0.00018192952835557086,-0.010928933539692709,0.0009054207509794632,3448.112138027587,-626.3709274707799,-2.5629632820876885e-06,-1.3359183585750313e-07,1981Q1
1981-06-30,0.6603037337976398,232301.88924471464,0.00017386502790631562,0.665750837024016,232671.04857146885,0.00017514373588526375,0.004445215812486691,0.006607711884542483,-5632.575141630092,-3820.4560875311,-1.4472343946183132e-06,6.565854936096786e-07,1981Q2
1981-09-30,0.7178281487101669,197742.09575314683,0.00017395874772066817,0.7028679193028389,205454.3468624844,0.00017410642040612394,0.0051686489808788205,-0.010552458403217002,-3501.969556293174,5474.915222155396,6.531605355315594e-07,-7.870566623792202e-08,1981Q3
1981-12-31,0.6837841888347695,207000.11503910457,0.00017247266183420673,0.6766373357454436,206483.51815918554,0.0001732250008875582,-0.013180864273178605,0.000697797037128467,-4809.371422846074,-3851.638482039576,-1.3534738520819609e-06,-1.4424999861613233e-07,1981Q4
1982-03-31,0.651952629615815,185684.33773537487,0.00017050577281922362,0.6468991441027006,190152.5657589593,0.00017059086347052032,-0.00476632191444426,0.0023140847562267974,-1620.7049358627264,1811.39462004487,8.078378615589089e-08,5.168617984480472e-07,1982Q1
1982-06-30,0.6346460093896713,184977.45942532583,0.00017175651616378428,0.6349595384166935,184263.18328901264,0.00017156968732126658,-0.012608969782364032,-0.008474413999621816,217.03617421233503,3758.8024972347557,8.728224957526458e-07,7.205374251463299e-07,1982Q2
1982-09-30,0.5696296996032496,202747.8490055564,0.0001763188181121731,0.5692879490573509,208777.9329436182,0.00017698822384065878,-0.013271376900889087,0.009640780149813122,12015.183167038267,-350.4645458991363,2.835649461672778e-07,-1.6663401434598602e-06,1982Q3
1982-12-31,0.5655711935660758,227838.7046781283,0.00017199843840917182,0.5764690368641753,231853.45036473993,0.00017235508254413533,0.01246658228750469,0.002485912655369682,4195.644941627688,-441.4705874759602,-7.953681578383708e-07,5.945997527735216e-07,1982Q4
1983-03-31,0.5926443879404286,250164.3784737105,0.00016983938670646942,0.5951654290198111,251364.29752721207,0.00016990267543082443,-0.00010906515258551908,0.0021931992912867793,8309.752730153865,437.2833956841787,-1.8473412413656337e-06,-1.9795317154977786e-07,1983Q1
1983-06-30,0.6312235837329071,277651.26754320366,0.00016579094503294981,0.6268858406598457,270314.32567432546,0.0001649635209441897,0.014517993419320807,-0.0038079513978072077,-135.32169783016434,-4107.3543855773605,-1.8947802799972638e-06,-5.073663598156064e-07,1983Q2
1983-09-30,0.6360054813292223,265443.5230612213,0.00015705484068483132,0.6393154563510153,260080.2614193938,0.00015686514685515302,-0.004023763623234089,-0.0030835091488492228,-2941.7336590900086,731.4944059570771,-2.9991115889373664e-06,7.04068088836556e-08,1983Q3
1983-12-30,0.6177319078947369,253080.76610207238,0.00014880966706212978,0.6239975682295897,251532.5237792452,0.00014927074955325747,0.00032122040497761795,0.003149789051217322,-6073.900309947392,-1618.9483412218833,-1.177710375988467e-06,9.145374684854196e-07,1983Q4
1984-03-30,0.6180575192802057,239890.57559124037,0.00014716988730365115,0.6178068699210846,235173.8432895381,0.00014787533011672145,-0.008982715209844394,-0.0019076844782129343,-2850.2627659960417,-149.06491644024936,-8.306170413000441e-07,-1.0358575259869658e-07,1984Q1
1984-06-29,0.5904661893396976,225284.82916518697,0.00014687503015785826,0.5964498869217447,222652.4899900852,0.00014639485772138529,-0.003481668450567632,0.002694363206742545,638.4685035039874,5215.220437618351,7.763011021605869e-07,7.923369620695635e-07,1984Q2
1984-09-28,0.5920095541401275,240989.089702957,0.00015070894375517578,0.5896069698745433,240017.4310925862,0.00015098436696582313,-0.007378376900834538,-0.003638065155692538,2536.4944851406326,-3117.6218793386215,6.903568027752816e-07,-7.411667044164507e-07,1984Q3
1984-12-31,0.5677145135566188,240740.59700866506,0.0001513388649401483,0.5719712678889534,244876.37656668515,0.00015141018796606466,0.0011904904553033946,0.002735044322604796,7048.469793164608,2162.645036908907,4.303852362743933e-07,-1.5937644299196155e-07,1984Q4
1985-03-29,0.5739615692554043,260043.4266406277,0.0001503169082470758,0.5753590390880087,259705.3798989233,0.00015041467315627728,0.000618949351392728,0.00023415204407598034,2042.5109647747158,629.056974642328,-4.782370500282387e-07,3.51121799824733e-07,1985Q1
1985-06-28,0.5777158908507223,276316.99803351366,0.00015012698799970236,0.578035423292823,274801.641148633,0.00015126747823564115,-0.0002630089134130209,0.0015712031202372856,3958.805202398944,-3329.2497045495984,3.4718808516567595e-07,-1.0000465604641809e-07,1985Q2
1985-09-30,0.60143611066688,264084.15874646406,0.00015163855148767966,0.5892623214065111,271817.9801516427,0.00015096645907545548,0.0020298282564016334,-0.004131600526236151,474.62011858969345,3935.659543869435,-4.028366117260094e-07,-2.3840918219589138e-08,1985Q3
1985-12-31,0.5860086179380785,290486.98042673315,0.00015127021278722304,0.5810801385157851,288187.1508196263,0.00015104418583290123,-0.0027868378395989324,-0.0004901316519386745,7105.689191711135,419.0637220717326,2.1524765241097248e-07,-2.2605911192556037e-07,1985Q4
1986-03-31,0.5614349847683181,313253.83799830684,0.00014892392527533885,0.5609873484397823,310072.69943927205,0.00014931030432173957,-0.01074291767463098,-0.0004452806138194043,4036.5444216284086,-2703.437768266929,-1.3270026096478047e-06,-2.929716548288517e-07,1986Q1
1986-06-30,0.5380224825839138,313840.88847181125,0.00014475655413740698,0.5570977665406962,307836.1683614672,0.00014528363047591622,0.01408456508028666,0.006367682915051409,-4638.719090372615,-2120.417524208926,-9.958610653311786e-07,4.061003561137754e-07,1986Q2
1986-09-30,0.6009643022716736,288264.1353745696,0.00014526884475553662,0.5901067465426907,295704.1265094397,0.00014434568590148257,0.000354310761141563,-0.0075057354334976956,-1153.273002872069,658.8858946592518,-9.519523543597731e-08,-2.719098570145304e-07,1986Q3
1986-12-31,0.5693164092368864,282988.42737478664,0.00014221876369392987,0.5789665899203855,296417.3716405393,0.00014290449821135494,0.00017938485405688542,0.004830228079286236,8568.22636498374,5626.874645744872,-3.3585419117214334e-07,1.6255242661105036e-07,1986Q4
1987-03-31,0.5843630382775119,327970.79609898326,0.00014085919089819017,0.5779345724639419,324508.2632441061,0.00014116765294462815,-0.0120568727550181,-0.00765360125182199,-958.4513537425082,-5147.407616572775,-1.209079895656993e-06,-3.628399828317725e-07,1987Q1
1987-06-30,0.5312778020061055,326841.8165049077,0.0001364530959670971,0.5345260877356809,324610.8361260758,0.00013609583949709405,-0.0069552651614562255,0.0037873973065622457,4278.833511707227,99.19488821264531,-2.2482861734081545e-06,-4.1318111989868537e-07,1987Q2
1987-09-30,0.5071450747953712,325511.8221821663,0.00012752189084722014,0.5673493633683279,304840.9191224191,0.0001318359867693184,0.047290102945848456,0.01613216180555893,-25650.329867696622,-6118.408765012893,1.2973507193009569e-06,1.6961136769316632e-06,1987Q3
1987-12-31,0.663298112144266,261639.03405153143,0.00013738601969826662,0.6596028360610022,259318.87106101398,0.00013628343476757517,-0.010214295568118648,-0.015779847675794573,7571.954634994385,9186.975386648599,-2.3919220445633928e-08,-7.469377110895929e-07,1987Q4
1988-03-31,0.6355527174684262,281971.60122199374,0.00013604470715829727,0.6335462571892128,282711.85881295084,0.00013608251461516948,-0.006332677090873762,-9.987497386815258e-05,1693.272203776607,-2026.1296532759006,-2.7548951235994773e-07,2.4826560425381594e-08,1988Q1
1988-06-30,0.6105017152658662,296053.69435253,0.0001360326810478298,0.6097826579370371,288920.32768508996,0.0001355406442824304,-0.006895658973131602,0.001828382958983521,1861.3854827287141,-2048.0053582662076,-2.0599632869332403e-07,-1.2103609332717383e-07,1988Q2
1988-09-30,0.5981746260069045,291381.4858359868,0.00013526133479265377,0.5953731720735114,288004.8377372457,0.00013479159889224907,-0.004849195339431289,0.00017188476590104806,-328.61427890203777,-29.606783130395343,-1.4063154151012299e-07,1.2730499403213955e-07,1988Q3
1988-12-30,0.5873598605866976,286830.6086970549,0.0001358389488315657,0.5872221219915758,289470.7623205497,0.0001354869474249513,-0.0009068564958515934,0.00011687424476825026,5073.517509298981,2498.0132282767736,5.298205673940297e-07,-1.4830574444965464e-07,1988Q4
1989-03-31,0.5846568341121495,302160.3854679264,0.00013513992326587006,0.5821929925736054,304486.8192549123,0.00013521599238977393,-0.0032674295350885174,-0.0014472830146738114,4528.584145347879,751.5283246939507,-2.9887356963840953e-07,5.679616414321981e-08,1989Q1
1989-06-30,0.5715726520968695,318237.1754421589,0.00013401211993247463,0.5685568446062352,322663.4897651366,0.00013441011796940959,-0.004904033772269056,-0.0003232906265493163,6769.940531652275,218.26155764231225,-3.0756509746447745e-07,1.2323905458664437e-07,1989Q2
1989-09-29,0.5549754792688364,337777.07246601273,0.00013431184566392256,0.540489791565866,334644.30600596266,0.00013417978340796844,-0.01425149730894687,0.0015422157104293122,-2041.1908441081468,-2623.055216285269,-1.3730037041245063e-07,-1.1334669901730439e-07,1989Q3
1989-12-29,0.5369766055729399,331116.88052434067,0.00013388780539268526,0.5344845766539732,323826.70755851566,0.00013348182886618607,0.009441184850096429,0.001663688581923034,-4864.862131477828,263.5965960293688,-2.2088412491791127e-07,6.032779379295286e-08,1989Q4
1990-03-30,0.5478620381406436,322747.53241709626,0.00013363355329624834,0.5482015365371237,317381.0901595703,0.0001336509380012281,0.0002290631649006225,-0.0026810371491211293,1863.6336714585486,1645.8971707059245,3.881592345578145e-07,3.2627139331936747e-08,1990Q1
1990-06-29,0.5380044742729306,325328.9976213304,0.0001337361898663662,0.5459150127276564,325645.8711259669,0.00013403718646085489,0.023893849771421727,0.022982290112644466,-3696.7496528767224,-7990.229289694093,6.030832868191265e-07,6.780627793637211e-07,1990Q2
1990-09-28,0.6766223483716762,278652.2098906633,0.00013810570527268362,0.6663084717057257,280868.79296343995,0.0001381651806946867,0.007939531859050497,-0.02566539932621892,-10035.899847932975,9136.488201248154,1.2445707459316668e-06,-1.0389082011199398e-08,1990Q3
1990-12-31,0.6340681030586108,295324.7826074326,0.00014342368757255285,0.6383639951034017,297406.71414171404,0.0001434394332256982,0.0014468728387647678,0.005343982290567206,13258.682597868901,1924.2529412269214,1.6643804638036535e-06,-7.498570960251573e-07,1990Q4
1991-03-28,0.6435775205604629,335345.57778787386,0.00014437236392572493,0.6397574043389094,334297.887049361,0.00014420872295871682,-0.006141361534890144,-0.0026558133152084773,8818.918051148125,-3745.554329164879,-3.5438479254030987e-07,-2.775671396482843e-07,1991Q1
1991-06-28,0.6266616061940185,339516.7513781828,0.00014147762547290997,0.6235714182170491,346269.43828955607,0.00014214844729711288,0.0036775640078158256,0.0072957378864001166,1198.4970243123244,-281.01774393256346,-7.60621688013067e-07,3.002278878557423e-07,1991Q2
1991-09-30,0.6542376715427537,352795.21220893686,0.00014179087436348278,0.6519237452766071,352129.54406227206,0.00014134591500599537,0.0030616696197088844,-0.007358249889239943,587.163210823026,-1537.832175139847,-2.916647254094421e-07,2.5655295399703583e-08,1991Q3
1991-12-31,0.6249842931937173,357988.93866962456,0.00014288926644065537,0.6346945581161381,356540.686591653,0.00014188078964746644,-0.006304117109137863,0.002969328656986625,8036.507791491749,2379.0744156784203,4.6077201124967917e-07,-3.333117962496518e-07,1991Q4
1992-03-31,0.63741873237346,366438.18609108654,0.0001404630165840753,0.642079276563219,370387.8618566186,0.00014073824114515545,0.009403547799830714,0.0006837693819987389,-1983.4137939312786,-1435.794667113063,-4.88891318555434e-07,2.818541321999513e-07,1992Q1
1992-06-30,0.6649571259609699,362230.518241332,0.00014006004047826656,0.6631316630279451,369042.8131769763,0.00014045975113300286,0.006426962297724215,0.0004181051740010655,831.8022292407404,22.695295106663252,-7.552021710557368e-09,-1.1030992736495149e-07,1992Q2
1992-09-30,0.6806659744882825,370122.5276767962,0.0001390880415887482,0.6809929522860865,372229.0271641073,0.00013947031326733112,0.0027383923526829723,-0.0013633705035466237,4925.03467812133,3743.0835053960764,-4.742831033021901e-07,-3.422542512671934e-08,1992Q3
1992-12-31,0.6839254804166055,403551.11652863724,0.0001373584152774618,0.6866016497582088,400558.69537287037,0.00013747832411962116,0.00875435056401852,0.004975435255625854,6471.5017225096235,-3275.535755960882,-7.789577499397115e-07,-1.1773757556101722e-07,1992Q4
1993-03-31,0.7089780283318878,413034.4668056823,0.00013289577859496027,0.7108280027695015,406810.8670882483,0.00013370291473171594,-0.010459806474078237,-0.011544035073515618,764.193744589953,70.54771822063776,-2.0385620980162e-06,-1.8930654389972152e-07,1993Q1
1993-06-30,0.663075731981982,413857.7371336895,0.00012801924004648645,0.6627823125626057,412419.1575780073,0.00012771284046218483,-0.006537265387165592,0.008090055164661436,3405.4819892665837,1228.5653866214707,-2.135963869629855e-06,6.132303640672476e-08,1993Q2
1993-09-30,0.687340556850912,426902.2874128693,0.0001245961418813551,0.6793931382495683,424315.6967231659,0.00012291404261894088,0.0158534483589175,0.004296144838026983,1098.6646440228506,-2029.379859554043,-6.262929225286983e-07,4.676985835487158e-07,1993Q3
1993-12-31,0.7314837855724685,431338.0292019709,0.0001221299406890205,0.7273887196705682,427744.85527265,0.0001221562486820371,0.00798724314167737,-0.0018954895477620859,3049.71884559936,-2889.299777328779,-3.9374493905157393e-07,6.825155937724813e-08,1993Q4
1994-03-31,0.7778486875965002,403659.0902686657,0.00012233313811215314,0.7747748304399645,411499.4873393314,0.00012284499427564233,0.022770246201920197,-0.0061606012058650905,-8076.5499077934655,2377.2204209921474,8.644115676119718e-07,-4.1510637831872633e-07,1994Q1
1994-06-30,0.7822958475325004,395110.36963266815,0.0001203075178424051,0.7835778134239094,401011.8829570011,0.0001211211248704029,-0.008970402618412865,-0.0028599812493474708,775.5050663710572,2816.470594352868,-1.2876283927176519e-06,7.491300759621567e-08,1994Q2
1994-09-30,0.7455572213893052,408940.9534008546,0.00011818063756944925,0.7445595713171512,409571.6997076988,0.00011833380257948073,-0.015801530084406545,0.004133865618863752,-3826.0663765103673,-5154.811293174484,-8.839092517761235e-07,1.4254744003200942e-07,1994Q3
1994-12-30,0.7395583674482074,391496.5597515457,0.00011732316314985639,0.7365789985121467,391040.3660255031,0.00011709861516935724,0.006545912500181605,0.0004683874416783196,1774.1744949227432,6334.72048885304,2.0293319312601375e-08,1.3225375633390627e-07,1994Q4
1995-03-31,0.739961524140499,416663.7065640412,0.00011709709035247514,0.7411214684707441,414344.31059948204,0.00011717297682062474,-0.010849325245149033,-0.009798706907206967,6451.669272035477,-1209.5564064815844,-9.289720338230903e-07,-8.334732746424889e-07,1995Q1
1995-06-30,0.6758305421163627,434045.38231145893,0.00011226408259501916,0.6939886323940196,434912.7783589987,0.00011328822394558127,0.001819681635194803,0.01268905317831387,8807.0469429043,216.02592864912003,-1.0769291329229991e-07,6.488844966116894e-07,1995Q2
1995-09-29,0.7166613516496995,457843.73278799333,0.00011318992107988205,0.7262397057807173,450804.0201825726,0.00011360452883122987,0.006716874245983773,-0.0025001491692224487,494.41542322121677,-1565.4595286864787,-1.88346036583948e-07,-2.4027278949425847e-07,1995Q3
1995-12-29,0.7408090105365144,458622.9082972387,0.00011102710441721578,0.7284681488492621,456121.36012218875,0.00011031781450913689,-0.012218150265409122,-0.007436852307980885,3325.2961996574013,605.1108663608029,-2.288796105660604e-06,-1.9426139788096978e-07,1995Q4
1996-03-29,0.6871160778658977,469857.1724616967,0.0001057959695526218,0.6853655969842716,471686.2283817227,0.00010523705182626348,-0.008398410341422469,0.005912249569800021,9241.407351946458,205.3131055567792,-1.0146010102701303e-06,2.0119388464010716e-07,1996Q1
1996-06-28,0.6882416939635002,482269.41207038367,0.00010204005620388488,0.7083696385889204,475193.5676285233,0.00010315130270066716,0.02633210265202257,0.002512241948954691,-8759.7281534262,-582.5500808696961,2.166284377604614e-07,6.154732527646677e-07,1996Q2
1996-09-30,0.731556630948266,479734.74995848944,0.0001045158841674537,0.7345016241826555,475961.88296232524,0.00010381860034251129,-0.012048149949801301,-0.008838617949790878,7020.783902879193,26.215439405699726,-1.0786425873133757e-06,-1.1596625089928768e-06,1996Q3
1996-12-31,0.6653088934147997,489671.2540992011,9.614603912348232e-05,0.6763806926504032,488286.0676014001,9.651936959171665e-05,-0.02526649813985471,0.0012893211876484623,2520.9594872606103,-3011.6369456336834,-3.0551267629289606e-06,9.799242588960874e-08,1996Q4
1997-03-31,0.6186915254237288,472446.3350842328,8.976930197518954e-05,0.6100028852545031,477452.82409288874,8.958288958140577e-05,-0.020890116377103918,0.0009753844374560117,-1100.96226241588,6872.407857088052,-8.713521042623512e-07,6.455905181192986e-07,1997Q1
1997-06-30,0.5598448646812365,507598.9241760457,8.665031726719985e-05,0.5617339188755887,509107.8846626023,8.7275198391039e-05,-0.014627005043031938,-0.0008374810456714676,13526.97820510008,-785.9559713515919,-1.5330699908457069e-06,-3.803023714364047e-07,1997Q2
1997-09-30,0.5081967771221062,548297.7450119144,8.129672516927191e-05,0.5514553830756459,538012.2147773118,8.544763379990086e-05,0.02907405487619663,0.01607458379600446,2737.0011358308257,-4725.839066335044,2.2225091795198502e-06,1.364762316671721e-06,1997Q3
1997-12-31,0.621634702166065,541708.6634229715,9.025446345568547e-05,0.6273681338200274,538597.9140997255,9.169235532967889e-05,0.0015234868179596073,-0.01027390877569817,5263.609189048351,5118.681020462391,6.447463790944575e-07,-5.194283013541027e-07,1997Q4
1998-03-31,0.6289921331661157,574654.6176138798,9.32625639642858e-05,0.6354331867191146,572761.1294274041,9.446685357212501e-05,0.00896817052818183,0.002948373487914685,8003.299711661646,-6536.325201289263,1.0327969830372841e-06,-7.471596249702156e-08,1998Q1
1998-06-30,0.6596619686031855,566761.4631036142,9.622310302604342e-05,0.6559073450776838,557877.0039603388,9.571937145731548e-05,0.0133349773616937,0.00643537676742767,-21493.680615800724,-8974.972477247502,1.309624952334983e-07,3.6604887756264135e-07,1998Q2
1998-09-30,0.6831746397694525,496189.2742236495,9.903673103967712e-05,0.7143123765084961,493167.21583351627,0.0001008782614862041,0.006532464604196708,-0.009968900728410474,1489.5583143896947,16296.351356512605,2.7686758494645936e-06,4.049505148351332e-08,1998Q3
1998-12-31,0.6868790111718563,539104.3197865677,0.00010572505617011312,0.6874818385941358,536344.7145959862,0.00010506022966370602,-0.02127337010846636,-0.007679520219819325,6215.5434628445655,-8133.814055939511,-8.479485231558599e-07,-1.1330765173405026e-06,1998Q4
1999-03-31,0.6183011116481393,529348.905628521,0.00010239601443775038,0.6137583097581212,538288.8395256489,0.00010040070493943097,-0.02409458706721368,0.0024072228751291502,10927.699657536636,7673.784038596146,-1.9491120332143345e-06,-1.9233279009647577e-07,1999Q1
1999-06-30,0.5655042274231099,584930.3280557198,9.582182902681352e-05,0.5695531548314761,578675.293151041,9.625988967149201e-05,-0.003350465068316766,0.004495684178066478,4509.202980963048,-6508.953732752503,1.8972678769135076e-07,8.345254785754366e-07,1999Q2
1999-09-30,0.5585830458353869,574190.1948789379,9.718458984874345e-05,0.5509183052733998,575672.675083118,9.723013849493284e-05,-0.01268014953735902,-0.000781503369088693,5211.8445139236865,10754.059599526983,2.730062930740625e-07,2.2484534494004405e-07,1999Q3
1999-12-31,0.5324282697801516,649422.9390622345,9.948770811210802e-05,0.5258885567149189,631590.395151814,9.8941946514573e-05,-0.006365527202242427,4.218169106007252e-06,18844.621605748544,-4233.029772615555,5.739180592773856e-08,-5.187141561893999e-07,1999Q4
2000-03-31,0.5128736789129341,671485.5234674484,9.749069280045504e-05,0.5499435445800392,654045.4506703035,0.00010058049828025721,0.03783275862983765,0.010473865624013368,-11511.417726918124,-8535.382556555967,2.3664071996858056e-06,9.242051453778918e-07,2000Q1
2000-06-30,0.6201907630522089,635355.6557148218,0.0001077911227163219,0.6220071504312893,626636.4251397119,0.00010640718489679046,-8.418930181569584e-05,-0.007431534566655323,10125.370203116792,6364.785878320312,4.011426795792229e-07,-8.132339214456298e-07,2000Q2
2000-09-29,0.6307707707707707,635957.2244873812,0.00010729368964970201,0.6340472794923309,635314.7095887498,0.00010673480874760584,0.011399618912282361,0.005911430587484029,-19501.501543531136,-10051.732412652462,-6.556561546840531e-07,-2.353831912817418e-07,2000Q3
2000-12-29,0.6879174651846174,583415.367485048,0.00010742029245132302,0.6793391415607386,592728.5972818327,0.00010768980948603008,0.00714391609544851,-0.007407260885501837,6589.394723028177,3643.75214597577,1.995772931386379e-06,-3.175820180953538e-07,2000Q4
2001-03-30,0.6780031221542865,569115.5804975426,0.00010462064336651109,0.6828187655109142,588853.3955155769,0.00010882651511535526,0.00128344177617562,-0.00021474989808006884,1300.7830707286485,9743.890327559086,1.38586883411691e-06,1.7393374549834664e-06,2001Q1
2001-06-29,0.6774801560608099,624266.8183188,0.0001157074574247672,0.6752876568664719,620839.5342246344,0.0001150088023932943,-0.006177549826522466,0.0040877927679390524,181.13696591113694,-12008.76240956632,-5.814455653106672e-07,-1.25572205875262e-06,2001Q2
2001-09-28,0.723203007518797,560560.084495307,0.00011483357639954291,0.7007176810489238,582823.6533675977,0.00011639570900472433,0.015164901515852147,-0.0059534774345280095,-5552.10097438033,14983.5601510157,3.6661765727001615e-06,1.4927789964639284e-06,2001Q3
2001-12-31,0.7018867661414028,633447.216309629,0.0001265418286281286,0.7013138385723217,627334.6494048795,0.0001263890909583464,-0.006794244267910199,-7.776007305296262e-05,10447.188890310412,-8203.289092333027,1.6284299327086753e-07,-1.803052117978332e-06,2001Q4
2002-03-28,0.6800255246738514,656607.207941048,0.000124851910605952,0.6806944914086849,644492.4032278516,0.00012321742183505808,-0.0079434554614779,-0.0012472903045797346,9726.425608462538,-2899.9224438512756,-1.039390525727304e-06,-3.343084908941394e-07,2002Q1
2002-06-28,0.6520175186674324,629265.3118537018,0.00011699785235738527,0.6447482660223764,626565.2543299751,0.00011974750205637967,-0.015735282866667255,0.000434149622691421,-21117.532099255826,-1924.6986646318983,2.864674131660371e-07,1.282440413972136e-06,2002Q2
2002-09-30,0.6204511169132579,578591.7511304163,0.00012178677724125428,0.6188519821591503,587471.0710797792,0.00012484917590881248,0.0017508797353439354,0.004758650605678233,4129.196411194163,8603.578638857754,3.1494346934386134e-06,6.732012442460517e-07,2002Q3
2002-12-31,0.6288818503241014,599637.8894868327,0.00013232459592807684,0.6285793604581312,609648.7324283256,0.0001326918730934219,0.0008930797538306834,-0.002668511237179344,-618.174522134359,-4786.841235356347,1.0100721359822653e-07,-1.1830215563865166e-06,2002Q4
2003-03-31,0.6138228228228229,601626.2484764685,0.0001328145291020525,0.6173201629107963,612591.8329968229,0.00013307647480765962,-0.003989109543531377,0.00314651517784853,15614.239343182126,9040.053391772934,1.4270671794748855e-06,7.822056720789504e-07,2003Q1
2003-06-30,0.6261933998465081,674185.0601303008,0.00013899860108380305,0.6272040831570244,681066.7929875524,0.0001389101533293637,0.007062050490751648,0.0005446882744776227,20657.38547047664,-2944.525148284505,1.4548303694629988e-06,-4.319750327855387e-07,2003Q2
2003-09-30,0.6508963803013826,721601.7697224001,0.0001416491852880507,0.6504464994218039,734803.5403962539,0.0001421028236439138,0.010191861310780037,0.0015947236782089813,18858.35547126329,1658.7428832246223,1.2582674536757094e-06,2.6771696519568454e-07,2003Q3
2003-12-31,0.6870572549019608,789608.213248447,0.0001467388522305432,0.6847448669067162,795644.0494737001,0.00014636309356146285,0.01292571539266163,0.003624536641767012,16696.902031900827,-3481.158035916509,1.2228059192103508e-06,1.772213791876139e-08,2003Q4
2004-03-31,0.7537967746986065,832224.2020723469,0.00015176350936695033,0.7502371888232926,816023.6272158253,0.00015150783340707634,0.029868820815684316,0.0010546751736127402,-6737.938978925231,-4103.2156215556315,2.578728873282274e-06,4.674954911590694e-07,2004Q1
2004-06-30,0.8229842767295598,819276.7556535283,0.00016013035298206667,0.8244297753931958,806074.9644473208,0.0001589405258091371,0.01524459510701126,-0.0060402115318274885,-2369.838079168694,-662.8399099941016,1.0001010148758639e-06,-1.0886559293256325e-06,2004Q2
2004-09-30,0.8455811403508772,812899.9611059038,0.00015955505388325886,0.8407237881146509,808735.5823255471,0.00015900320951333928,-0.0045570688322766895,-0.004676838705067826,16935.010237590468,10291.677105327428,-1.354642973220091e-07,-4.230611373904985e-09,2004Q3
2004-12-31,0.8263930309213624,885874.2860274086,0.00015938959600345307,0.8331524237097271,870685.0276525404,0.00015951971832013837,0.006207057356498624,0.002948606465092929,7848.243668166746,-10328.477727290854,7.194461371838004e-07,-3.829283107336328e-08,2004Q4
2005-03-31,0.8399733917670997,867806.3711110299,0.00015915131026749118,0.842969203308821,860603.0430073392,0.00015992256266765523,-0.001288217517583623,-0.0012675144941822203,-4278.106407202082,3233.0702128474077,2.3300173256218261e-07,3.8747127966107004e-07,2005Q1
2005-06-30,0.8379556882463859,875657.8900341892,0.0001611283163427354,0.83966001511897,882370.5079196475,0.00016196054051256423,-0.0006900294415587149,0.0006609721878868824,16749.737306862604,-439.20222952085896,2.7862682330624536e-07,-3.362054715172266e-07,2005Q2
2005-09-30,0.8395315202012262,905433.539718035,0.0001618405767988011,0.8396328561761506,895979.0592192449,0.00016283435448611545,-0.0003607430673483458,0.00042825618643607677,-4137.786639212398,-940.049059453886,1.0365303095965508e-06,4.0162728830013214e-07,2005Q3
2005-12-30,0.8448983131010562,897551.4626273625,0.0001660695048852557,0.8366713037657119,911911.7196784392,0.0001649948435188178,-0.0053757639567453275,-0.0020148996701530864,16151.770924311015,4577.622821268946,-7.509297741296677e-07,-6.258750609192213e-07,2005Q4
2006-03-31,0.8306543385490754,957499.9325567646,0.00016427654722197052,0.827202507905188,953750.7374068047,0.00016383823525582678,0.004367008909797854,0.007708576631984848,1430.1193369777175,-11007.076575993851,5.136331287664144e-07,9.780098493364578e-07,2006Q1
2006-06-30,0.8912090163934426,923908.3816827444,0.00017377836835281746,0.8805539212918522,919913.8957540161,0.0001709567765153369,0.02342600958924257,-0.0046722628603685645,-10019.391072198225,6880.402062024747,3.379187626971708e-06,-6.961518260406734e-07,2006Q2
2006-09-29,0.9102332863629247,927124.2359041568,0.00017483570893420908,0.9094636426400051,932735.396784715,0.00017496516456253685,0.00216139894371975,-0.001266570040285131,13207.845942622167,2476.4974613743543,2.1177278504206883e-07,-1.8217879013253955e-07,2006Q3
2006-12-29,0.9104807992507025,965667.2085320215,0.00017400613004537688,0.9111422701240038,967966.882287282,0.00017396616900475063,-0.0031023924793961988,-0.002306556793669673,7575.994744161202,-2984.153341801837,-1.9647462906874613e-06,-1.265663118663518e-06,2006Q4
2007-03-30,0.8946944143586569,983609.4135671965,0.0001644708452087687,0.8940907614148184,983993.9093141748,0.00016490262862543174,-0.005858576161222262,-0.0018164499720550453,8668.32390652108,1665.4131328875665,-1.5069028908991128e-06,1.1728323625332025e-06,2007Q1
2007-06-29,0.8517849429188523,999557.4888928664,0.00016101102268556775,0.8567904220420088,990498.7377154136,0.00016146681922812143,-0.022847685027235665,-0.003055867684633562,-14395.567388151132,-5022.098276143661,-2.7277328192277205e-06,-3.842451515468238e-07,2007Q2
2007-09-28,0.8011338461538461,974757.5782465292,0.00015665433523011482,0.8039468456560886,968832.8781574076,0.00015633605877897648,-0.004021137829074539,0.007641484608140486,-1172.7390707069426,-4554.637125831592,-5.317023242378552e-07,4.637693473750446e-08,2007Q3
2007-12-31,0.8165630239292792,927833.7181297165,0.00015405367095465154,0.8084253373244455,918135.1666099245,0.00015290230271305008,-0.00043133579799042865,-0.0019158803306241201,-23906.060923953366,2278.1521263766917,-1.096045049497042e-06,5.891605560794626e-07,2007Q4
2008-03-31,0.8061115332016412,880913.6304856162,0.000154087709713059,0.8031174810002465,884728.5958893696,0.00015377277030055337,-0.002237416544305759,6.682903334653822e-05,7395.038546352589,5561.127581482142,1.157347046098513e-06,-1.0768195658053184e-07,2008Q1
2008-06-30,0.798640243902439,865859.9060059696,0.00015318125738201325,0.7996738143477775,884454.3455437266,0.0001544296181758452,0.001404154561114035,-0.00013595685337719488,-9997.782755748893,-3308.423672879697,-1.211635256856625e-07,-3.427015136378336e-09,2008Q2
2008-09-30,0.7909958759737283,820316.3417802474,0.00015212226405020965,0.7992328730365371,799858.0297699239,0.00015383254122644697,0.004576167576888779,0.006066746834328007,-68231.96821089741,-14431.532621772203,3.3590321133137235e-07,1.1220992548055265e-06,2008Q3
2008-12-31,0.834372028829934,663693.3700302454,0.00016166413181029453,0.834916145607372,649508.3968500069,0.00015944686596490665,0.010961780503618457,-0.0007588370173428893,-18005.973661011783,11273.572276507097,1.1651411435786564e-06,-7.988947792642471e-07,2008Q4
2009-03-31,0.8809813374805598,633028.0467472721,0.00016435087903455878,0.8744759063171651,641492.9437051897,0.00016477405657912644,0.015069829000267432,-0.0021079441308384794,31057.61138121382,16589.875021744112,3.945366071124548e-06,7.090517078491598e-07,2009Q1
2009-06-30,0.90258480649785,727044.1062500032,0.0001742044695169343,0.8992667205321654,744907.5890712284,0.00017428982389835007,0.0026976011792566035,-0.0015569663220157959,26550.298462968203,1287.3693986645085,2.1872104461788595e-06,-2.3325855200593892e-07,2009Q2
2009-09-30,0.9047275357659541,848919.7751871613,0.00018050914398593014,0.9060853169562418,823449.2536087432,0.00017947881146682625,0.002345513337003613,-0.0006056846179144371,12901.96236626181,-7668.345399576705,4.2041308453303684e-07,-7.485021274995194e-07,2009Q3
2009-12-31,0.9051923386447771,881971.5603552439,0.00017996081482421735,0.9065039679343241,863169.7113409278,0.0001790815436005242,-0.0019411865460849387,-0.0008465342295012057,15410.907059823454,404.13388579920866,-3.854147799632824e-07,-1.1244717763201565e-08,2009Q4
2010-03-31,0.9002453591606134,925411.1726791929,0.0001799096322468265,0.8982951421004756,920269.6393714573,0.00017884862066265116,0.0009520136137773361,0.0036240846478851063,17756.99938629032,-12742.042828758538,2.932186701959155e-08,-5.689861681083751e-07,2010Q1
2010-06-30,0.9101100654011803,878197.3964429111,0.000174504083854821,0.9117979780566782,896546.8634268724,0.00017595686806823237,0.0012201826115174064,-0.0022280758354548957,-12599.424050869944,10514.778739273403,-9.883431249253078e-07,5.462336778601002e-07,2010Q2
2010-09-30,0.912814957470711,940557.5352553139,0.00017634151656475505,0.9126995674004286,922809.0999715817,0.00017537026651620632,0.001577014936881227,-0.0010838255555684906,21772.83038138511,2654.9109241215338,3.2004679451440017e-07,5.7765470758220695e-08,2010Q3
2010-12-31,0.9053076053608913,995985.8789949379,0.000176375615141847,0.9103597742327931,986945.6079285528,0.00017615952174149208,-0.0003723846932194297,0.0006432952793329338,17859.337859313702,-1451.3281481883023,1.1582980703200179e-07,-1.1020181924626228e-07,2010Q4
2011-03-31,0.902061622842394,1031376.9096124504,0.00017464284669429516,0.9066958761749522,1033171.763543045,0.00017537399394019067,-0.0019770874366227265,0.00045964090219829945,10587.27608957165,-6603.513904445572,-6.985961692511719e-07,-2.5991268642921225e-07,2011Q1
2011-06-30,0.8994785668586053,1020799.5867913803,0.00017159564907651427,0.9033435842758895,1011987.0238856425,0.00017179866778823765,0.0010052923937087233,0.0026604556300178217,-25318.952850656933,-11280.93981534493,-1.1665163697668597e-06,2.1743895571655069e-07,2011Q2
2011-09-30,0.9148513449740444,890561.0678651722,0.0001687953555522053,0.9217897406219553,926306.1938317467,0.00017167966267408642,0.005088496813135168,-0.00296692696053924,-9166.742572417483,16916.56548173746,1.0856285638756658e-06,4.2714484456116456e-07,2011Q3
2011-12-30,0.9240200127064804,932337.6464663025,0.00017413031998656127,0.9239091378927748,944766.5017460445,0.00017444762250473222,0.0003929753267348235,0.0004668822536150474,9729.705048099742,883.1152329975157,8.553427432061083e-07,-3.0031600919389035e-09,2011Q4
2012-03-30,0.9296804959465903,977558.8350393245,0.0001767307685964172,0.9278406189656708,973925.9082971698,0.00017621956813167257,-0.0004710509374336036,-0.0016987703813542976,-3660.974203561782,-9179.112274831743,-9.76166987841766e-07,-7.840777572679618e-07,2012Q1
2012-06-29,0.9185813366960908,953579.5805837674,0.00017337952822540508,0.9179427290970431,947188.6817579237,0.00017243417157369374,-0.004853049355390826,-4.281197659797287e-05,1606.4473204296082,9718.738794166886,-4.478628914623213e-07,6.089730162958635e-07,2012Q2
2012-09-28,0.9053496168582374,987036.406902045,0.00017332748882626663,0.9044045729984351,983019.5434683189,0.0001727707985230916,-0.005110316843455365,-0.0010978196049339917,10719.534442365984,-2766.7013848215865,-3.089022930663238e-07,-4.737744689034781e-07,2012Q3
2012-12-31,0.8823399451701339,1002219.6588953378,0.00017024611217844585,0.8869042205606668,1010913.7497585197,0.00017057479912849292,-0.004427790771712237,0.0008846015523126805,16002.119244889182,4801.819073543185,-2.535397674859692e-07,3.5857331585824694e-07,2012Q4
2013-03-28,0.871587249959343,1066620.3936951114,0.0001704849809904466,0.8798928271863409,1063273.9603682018,0.00017124427804327653,0.00160328208870808,0.0018429049882457693,12686.67880219256,-4989.349886778451,6.866769703498541e-07,-1.711594168132824e-08,2013Q1
2013-06-28,0.8809752547307133,1075971.5895535613,0.00017047613681931095,0.8818399321541571,1089688.4495318912,0.000171194531987083,-0.0008851959419529098,0.0008620791352920709,7416.344081336632,648.8733582575223,-6.509372622886568e-07,1.4907803409021803e-07,2013Q2
2013-09-30,0.8873321526324264,1117098.3313751796,0.00017171868113104033,0.8846229518891555,1116322.9436655855,0.0001711410742137868,-0.002697763465116909,-0.0029923909390724146,13267.767529485282,1520.2302628282341,-8.655125111113626e-08,-4.1790798445141266e-07,2013Q3
2013-12-31,0.8698863818210913,1153905.7135088125,0.00016902787752029797,0.8723550935712212,1149241.6512494807,0.00016918849796180153,-0.0018348242629711575,0.0022537482590880287,6980.993622960057,718.9572284742026,-6.376326589287184e-07,2.3788951812532717e-07,2013Q4
2014-03-31,0.880071530758226,1179183.373863645,0.00016828454918781712,0.8770920800939567,1173034.6716517052,0.0001675294233544469,0.004555546787873899,0.0003240791947015653,493.6564801649656,-3001.803666124062,-1.1268398652645225e-06,-3.070097856256541e-07,2014Q1
2014-06-30,0.8864588567839197,1195637.08278943,0.00016506894865457938,0.8872610800553031,1173770.0863503304,0.00016361510691641646,-0.000494286544800604,-0.00290707119638256,1583.7058568387292,-5124.238935448811,-1.4611700071289851e-06,-2.2152050557990466e-07,2014Q2
2014-09-30,0.8741463414634146,1136838.5133724296,0.00015888030895378765,0.8635069757537995,1155152.1901034084,0.0001588714779449669,-0.014194450992217944,-0.0008484194830967462,-6289.265726940008,4431.350940415985,-1.3150436995421641e-06,2.1308405685022488e-07,2014Q3
2014-12-31,0.8380706354102406,1151577.864696098,0.0001555066726475166,0.8334258958122519,1146450.0072010926,0.00015448216943017015,-0.006953617066802309,-0.0005116219180688608,2606.4521801660303,4266.024348800303,-1.4690853611495138e-06,7.63895128538938e-08,2014Q4
2015-03-31,0.8008266502159161,1178276.298880458,0.0001504239010957219,0.8089830820609301,1173843.0178313807,0.0001513536284552347,-0.005193653768512052,0.0034328126084475497,4345.131929224241,-6066.420241591986,-9.386791378884334e-07,-1.8719897581582134e-08,2015Q1
2015-06-30,0.8104623130912421,1162196.1715974687,0.00014833156562138225,0.8102725207539905,1155557.6816210947,0.00014774476632410137,-0.0026588664903395287,-0.008145922428625413,-18404.72585153766,-9938.153540987812,-2.3813956356886286e-06,-1.1817924630254048e-06,2015Q2
2015-09-30,0.7636132315521629,1063682.4840925222,0.00013772474224251348,0.7750997881048534,1083032.5692898873,0.0001395519696692388,-0.002408169722677267,0.008957070072570045,-8187.8861701006535,11918.566282837593,-1.627594880155447e-07,1.65733058754722e-06,2015Q3
2015-12-31,0.7785793000744602,1066448.2474040014,0.0001399947051367742,0.7967016371994494,1057617.0144821997,0.00014145420683760927,0.01459831308735976,0.006739328263627831,-26008.319532908383,-2290.5299465282587,9.293283421701887e-07,1.2054887444520881e-06,2015Q4
2016-03-31,0.8552857142857142,1047136.6855284857,0.00015199343628379634,0.8509586305821666,1040833.3274420716,0.0001505960062986823,0.008112358619585258,-0.005685858660284232,17047.571791044087,3544.114385616209,2.6319053484868352e-06,-9.887242392097464e-07,2016Q1
2016-06-30,0.8804953327311051,1067449.0184131572,0.00015687631220808967,0.874845425409557,1076671.628898446,0.00015618746118317245,0.011176092097831103,-0.000559505776208169,11783.50082646939,2523.703046255745,2.4038117328393355e-06,1.8192896669986028e-07,2016Q2
2016-09-30,0.892895217788608,1116559.0172495125,0.0001622598463509667,0.8947198552972246,1099691.233726342,0.0001611184580267505,0.001698022283118772,-0.001925347840975311,197.84711983508896,-3.9224984472966753,4.3247429861039506e-07,-4.976290723148749e-07,2016Q3
2016-12-30,0.8932973876063184,1132144.7191179541,0.00016179053883126645,0.8958981821377586,1131739.3555831995,0.00016201138967741516,0.0026115267566927947,0.002583390073837233,15673.049209647346,-2136.595437204698,5.419704641439487e-07,2.976797991624243e-07,2016Q4
2017-03-31,0.9162150243309002,1154505.9981807603,0.0001654616324735789,0.9096244959354882,1152124.0855683084,0.00016482803944689568,0.0018426396226887132,-0.0027624773028246674,-1444.2912907488644,-4383.348108261649,6.874983926834487e-07,-5.401588016091491e-07,2017Q1
2017-06-30,0.9072953305033354,1148895.096656898,0.00016539996225993888,0.907816132646531,1145870.2644758932,0.0001648432722625685,-0.0023033712949475094,-0.0011532708057832575,3471.081898407545,3156.1974245669553,-2.8803878695306826e-07,-1.3282022595864374e-07,2017Q2
2017-09-29,0.8956023820430601,1167324.693787592,0.00016431157078508716,0.8949941148366356,1162825.8703805336,0.0001633452853819908,-0.004854797978014691,0.00015536447649727725,4075.099728690693,-2197.47907447943,-5.881670773413437e-07,-1.1183475109065105e-08,2017Q3
2017-12-29,0.8862426080363913,1165148.0229881501,0.00016210219591122237,0.8800680932383333,1166253.7903790013,0.00016048111981711236,-0.023181760544060237,-0.020999729668816275,-1536.0163899202598,-2392.1683874157025,-4.789874046818928e-06,-3.772052195467685e-06,2017Q4
2018-03-29,0.7227376482955399,1149715.1740604038,0.0001331434160974618,0.7340479449461059,1155247.0185261173,0.0001348157658512436,-0.0354772142110526,0.021952182685734734,5997.697070845519,7324.379978941055,-5.14118522998399e-06,3.964371582695858e-06,2018Q1
2018-06-29,0.7233533293341331,1175679.710053271,0.00013378410817489406,0.7173498635994533,1180532.3658710597,0.00013278549697344843,0.0051877934352581034,0.0026141543092752795,3144.4345936110476,-805.4234555988805,3.97924484439729e-07,2.2186785815363783e-07,2018Q2
2018-09-28,0.7363499851323223,1190414.211849453,0.0001341107945006425,0.7369795757981511,1170701.3356138864,0.00013417110237749682,0.006157626158997009,-0.0011252627179579588,-20786.644126965664,-12588.030697692535,3.936655040702084e-07,-6.236984816074433e-08,2018Q3
2018-12-31,0.740567055393586,1069925.4646085496,0.00013362334244066836,0.7473603494202451,1111320.2653699424,0.00013506044946754781,0.0030583034057906078,0.0020258428951919205,4187.109493718366,14959.742753473867,6.991420470039755e-07,7.288882734869686e-07,2018Q4
2019-03-29,0.7723727312970341,1129075.0305621854,0.00014157099080855327,0.7679458341188012,1140953.6866387092,0.00014039417735844196,0.010915882529405008,0.0009359073300523879,-4086.535321659874,-9444.917253563413,1.8023758117541061e-06,-6.210682232017119e-07,2019Q1
2019-06-28,0.794744226834259,1133904.9402988907,0.0001428522251010796,0.7953123689355897,1126267.0702716196,0.00014242804099446122,0.003395516704377821,-0.001544909471544953,30.88822155096568,-989.9760798010975,-3.8017981914972995e-07,-2.864756291719631e-07,2019Q2
2019-09-30,0.8114995628096765,1112428.8528285194,0.00014258969372204095,0.8058415375588721,1113606.0533685684,0.00014152253831967157,0.0030291090326307613,-0.002194061344088477,1417.2453409414738,10028.434501338925,3.8771492321740936e-07,3.4534792524337543e-07,2019Q3
