Quarter,Avg. M-Score,Weighted_M,Count,average M trend,average WM trend,average M velocity,average M acceleration,average WM velocity,average WM acceleration,sp500 return,sp500 return trend,sp500 velocity,sp500 acceleration,indu return,indu return trend,indu velocity,indu acceleration,GDPC1,WPSID62,WPSID62 trend,WPSID62 velocity,WPSID62 acceleration,T10Y2Y,T10Y2Y trend,T10Y2Y velocity,T10Y2Y acceleration,average beta,average MCAP,WAB,average beta trend,average MCAP trend,WAB trend,average beta velocity,average beta acceleration,average MCAP velocity,average MCAP acceleration,WAB velocity,WAB acceleration
1977Q3,-2.892064025,-3.602708512,58,-2.908746081,-2.908746081,0.006075546,-0.015327598,0.006075546,-0.015327598,0.007094418,-0.0004707901777777,-3.147082499999998e-05,-9.916645833333331e-05,0.021129,-0.0007016222222222,-2.3077777777777767e-05,-0.0001069583333333,6313.697,63.7,63.86666666666666,0.0500000000000007,0.6750000000000007,0.59,0.6272916666666666,-0.0053333333333334,0.00040625,0.5829335494327391,156789.08420912683,0.0001883216708337,0.5885321119320032,154317.12999855948,0.0001881812677137,0.0060191546128632,0.0046039146075612,-1099.7402098070595,1090.7030812759112,4.579011579076265e-07,3.254374555206613e-07
1977Q4,-2.905239586,-3.580334425,58,-2.853262806,-2.853262806,0.033571102,0.005197271,0.033571102,0.005197271,0.001685275,-0.0005288141833333,-4.399326111111107e-05,-1.7265927777777813e-05,0.016896,-0.00069285,-6.877222222222211e-05,-8.612500000000053e-06,6333.848,66.4,66.36666666666667,0.9499999999999956,-0.1000000000000014,0.56,0.4612083333333333,-0.0009791666666666,-1.0416666666651642e-05,0.6187947882736157,158000.93030461116,0.0001909565663287,0.6192103128162544,155068.42990820634,0.0001903142395408,0.0068749109973839,-0.0045389792760083,-1426.625694119357,-1090.2360116648051,2.057119327991469e-07,-4.117815117361305e-07
1978Q1,-2.762484806,-3.393768271,58,-2.841603878,-2.841603878,0.016470087,-0.022012148,0.016470087,-0.022012148,-0.002236886,0.0011729215888888,0.0001514307972222,-4.4561527777785053e-07,0.0117029999999999,0.00139745,0.0001974722222222,-3.474861111111107e-05,6578.605,69.8,70.1,1.8499999999999943,0.125,0.45,0.3992083333333333,-0.00375,3.124999999999656e-05,0.6169923727066584,154680.31422023498,0.0001908473583907,0.6116315909172535,156117.1184763047,0.0001916601054757,-0.0102265193147461,-0.0007476648807563,6049.22116757484,2017.4250393553664,1.6851341254945734e-06,3.986991897946834e-07
1978Q2,-2.857087241,-3.376276089,58,-2.820322632,-2.820322632,-0.010453194,0.009112136,-0.010453194,0.009112136,-0.000418541,0.00088228907,9.935401666666676e-05,-5.849000000000018e-06,0.010869,0.00084795,0.0001032194444444,1.0944444444444229e-06,6644.754,74.6,73.86666666666666,0.7000000000000028,-0.8499999999999979,0.14,0.1736666666666666,-0.0052708333333333,-1.0416666666651642e-05,0.6012642251189737,169316.95930485,0.0001946683505737,0.5981091847458694,172566.1205797866,0.0001950326737008,0.0006851037765073,0.002822475277122,4570.248510081656,78.71014918828587,-1.5102482537128386e-07,-7.29447967115516e-07
1978Q3,-2.841395847,-3.284902105,58,-2.862510267,-2.862510267,0.034694358,0.049223147,0.034694358,0.049223147,0.005688505,-0.0003097292866666,1.9422886111111087e-05,-1.6426856944444423e-05,0.018483,-0.0003317166666666,-7.583333333333319e-06,5.611111111111398e-07,6734.069,75.1,75.26666666666665,1.6499999999999986,0.350000000000005,-0.14,-0.2428333333333333,-0.0084374999999999,6.249999999999312e-05,0.6220223787815997,184350.19126217364,0.0001922705461786,0.6687662748587118,176864.66413473434,0.0001912218593078,0.0670233367430705,0.0153199264287448,-5607.083099931697,-2764.8973027198444,-1.8052886341967577e-06,5.70232617571096e-07
1978Q4,-2.889047712,-3.366238962,58,-2.750933915,-2.750933915,0.087993099,0.016375869,0.087993099,0.016375869,-0.001765683,0.0001066867999999,0.0001029552666666,4.113958194444441e-05,0.016614,0.0001916,0.0001297583333333,3.922638888888891e-05,6746.176,78.0,78.5,1.3499999999999943,0.7749999999999986,-0.83,-0.6004583333333333,-0.0041458333333332,-7.291666666664476e-05,0.8054118377483444,167602.52562344784,0.0001929187154118,0.8044677080489357,169739.00411851128,0.0001919901309746,0.0007062180291889,-0.0190915726275024,3148.544121705665,1883.4006611285367,1.007194444124131e-06,-5.176995668106847e-07
1979Q1,-2.522358185,-3.235761377,60,-2.686524068,-2.686524068,0.067446096,-0.034955196,0.067446096,-0.034955196,-0.004312457,-5.856389444444459e-05,3.2317002777777746e-05,3.4448916666667207e-06,0.008676,-0.0001359722222222,1.0863888888888852e-05,1.8058333333333333e-05,6753.389,83.8,83.43333333333334,1.1500000000000057,-0.6999999999999993,-0.61,-0.5881666666666667,0.0056041666666666,-5.208333333328597e-05,0.779546965918537,180346.1430043225,0.0001916595287355,0.7820337291324878,178015.9437273424,0.0001913570683155,-0.0105438595083175,0.0006458564255731,2355.0668364029407,-147.75598017509037,1.3495116654149426e-07,5.483021518731785e-07
1979Q2,-2.648166308,-3.300921993,60,-2.616041722,-2.616041722,0.018082707,-0.032153516,0.018082707,-0.032153516,0.001070039,0.0006619462055555,-9.066192500000006e-05,-5.625368055555557e-06,0.0135579999999999,0.00038565,-4.866666666666661e-05,4.402777777777516e-07,6803.558,85.6,85.6,0.8999999999999986,-0.3249999999999957,-0.16,-0.4480833333333333,-0.0004166666666666,7.291666666667251e-05,0.7574286309647843,189359.90085173995,0.0001931521305076,0.7562912983732671,187137.8217366344,0.0001930698381624,-0.0109048547968468,-0.0032000626087212,5522.606332070354,1118.6995784223182,3.729304473629581e-07,-3.522305411386825e-07
1979Q3,-2.677600675,-3.188264891,60,-2.650358655,-2.650358655,0.003139064,0.025449881,0.003139064,0.025449881,-0.008075492,0.0003417563944444,-4.029181666666669e-05,8.232361388888892e-05,0.00409,-5.816666666666633e-05,-6.610555555555553e-05,9.448611111111104e-05,6820.572,87.9,87.39999999999999,1.6499999999999986,0.1749999999999971,-0.66,-0.7830416666666666,-0.0060208333333333,0.0001354166666666,0.7113801756587202,199278.97921894604,0.0001908342542656,0.7616952123012073,194875.3788789356,0.0001931380197398,0.0303297321573108,0.0090389044213566,-3113.770468110786,-556.3408626257951,8.04332273233885e-07,9.451911557728972e-07
1979Q4,-2.625308982,-3.065882435,62,-2.609763594,-2.609763594,0.068982468,0.058509023,0.068982468,0.058509023,0.0009273,0.0012662811611111,-0.0001322830777777,-9.636355833333331e-05,0.016331,0.0007832111111111,-0.0001324277777777,-6.104444444444442e-05,6842.024,91.2,90.7,0.4500000000000028,-0.2500000000000035,-0.9,-1.182625,-0.0126874999999999,0.0002187499999999,0.7962403343782655,202137.06374900104,0.0001982562259976,0.7915652094826912,201770.08335075487,0.0001968417028841,-0.0272807951908816,-0.0077888761534732,5683.3363992683735,-3705.8712793619634,-8.465616923139562e-07,-1.2323483607173456e-06
1980Q1,-2.526381124,-3.119041981,61,-2.512393718,-2.512393718,0.120157111,0.013907571,0.120157111,0.013907571,0.014004768,-0.0001442951333333,7.120759166666671e-05,3.114831388888895e-05,0.027429,-0.0001030777777777,9.339166666666666e-05,4.888055555555556e-05,6701.046,90.8,90.56666666666666,-2.1499999999999986,-0.2999999999999971,-1.99,-0.549375,0.0158958333333332,-0.0002291666666666,0.8012817840766987,180374.4516249312,0.0001969191034216,0.7650422423162877,189096.11420749748,0.0001942945063008,0.0049330348494664,-0.0050978836541307,-4292.463332919317,5669.089558863598,1.9676445189007773e-07,-1.4170992289626425e-08
1980Q2,-2.385491049,-3.031384407,62,-2.369449372,-2.369449372,0.09679761,-0.058364293,0.09679761,-0.058364293,-0.015172414,0.0019885134999999,5.147365277777781e-05,-4.905379444444428e-05,-0.000805,0.0020682111111111,5.533333333333432e-06,-4.14986111111111e-05,6693.082,90.1,91.4,2.549999999999997,1.775000000000002,1.12,0.49475,0.0139375,-0.0006041666666666,0.7236622943993337,205626.8438959442,0.0001927308640535,0.7278736756511677,207431.6421425183,0.0001925860127642,-0.0175841840640179,0.0063700099253698,8848.425648948614,-1197.2100763354392,-8.277682051445679e-07,5.381230993911344e-07
1980Q3,-2.196475943,-2.844534203,65,-2.318798498,-2.318798498,0.003428525,-0.078973131,0.003428525,-0.078973131,0.015541525,0.0013909055788888,-9.35358611111112e-05,-0.0001224934638888,0.026054,0.0007937333333333,-9.68972222222222e-05,-0.0001280930555555,6817.903,100.4,100.53333333333332,1.6000000000000014,-0.6750000000000043,-0.27,-0.1200833333333333,-0.0156458333333333,-0.0001354166666666,0.7091310629514963,227671.2541115748,0.0001942305770298,0.6948757281660156,224443.8516146936,0.0001916538888794,-0.0129983399414802,-0.0014555332922392,4509.25066580312,-217.47229578527916,-1.2562125686953285e-07,-1.8015719899713438e-07
1980Q4,-2.374428503,-2.958781787,66,-2.362592322,-2.362592322,-0.061148651,-0.03451016,-0.061148651,-0.03451016,0.003177418,6.833125555555532e-05,8.274918055555555e-05,2.754082222222228e-05,0.017006,0.0004873388888888,7.060555555555542e-05,2.958055555555551e-05,6951.495,102.7,103.2,-0.0499999999999971,0.25,-0.63,-0.7165833333333333,0.0008958333333334,0.0005104166666666,0.6783514931396287,236102.91415170504,0.0001899270462806,0.6802880324053517,233478.35236549095,0.0001894990559004,0.01012488907382,0.002258238143858,-1919.2295956638843,-1402.2212240537629,-1.8991696170591845e-06,-5.955901169654693e-07
1981Q1,-2.516872519,-3.007695402,69,-2.4410958,-2.4410958,-0.065591796,0.008598492,-0.065591796,0.008598492,0.012809056,0.0001001045455555,2.9158244444444484e-05,1.2405519444444442e-05,0.025772,0.0007518111111111,-1.3552777777777738e-05,2.87499999999946e-07,6899.98,103.8,104.06666666666666,0.0,-0.0999999999999978,-0.04,-0.7837916666666667,-0.0036041666666666,-0.0007708333333333,0.6671625124626122,238508.3948808016,0.0001826618856583,0.675916564645763,233826.3933820293,0.0001819295283555,-0.0109289335396927,0.0009054207509794,3448.112138027587,-626.3709274707799,-2.5629632820876885e-06,-1.3359183585750313e-07
1981Q2,-2.431986379,-3.00987299,111,-2.493775913,-2.493775913,-0.043951667,0.016559115,-0.043951667,0.016559115,-0.005155812,-0.00100818433,-3.946850833333335e-05,4.851033333333379e-06,0.006581,-0.0014321666666666,-6.916944444444446e-05,1.892499999999993e-05,6982.609,104.9,104.56666666666666,0.6000000000000014,-0.4000000000000021,-0.8,-1.094625,-0.0053541666666665,0.00090625,0.6603037337976398,232301.88924471464,0.0001738650279063,0.665750837024016,232671.04857146883,0.0001751437358852,0.0044452158124866,0.0066077118845424,-5632.575141630092,-3820.4560875311,-1.4472343946183132e-06,6.565854936096786e-07
1981Q3,-2.532468839,-3.056841355,122,-2.528999134,-2.528999134,-0.032473566,0.018957133,-0.032473566,0.018957133,0.002070036,-0.0003555114222222,1.4342991666666622e-05,8.047044305555559e-05,0.0186579999999999,-0.0005038055555555,2.8683333333333344e-05,7.452222222222218e-05,6906.529,102.7,102.63333333333334,-1.3999999999999986,-0.1750000000000007,-0.85,-0.5217916666666667,0.0095208333333332,0.00096875,0.7178281487101669,197742.09575314683,0.0001739587477206,0.7028679193028389,205454.3468624844,0.0001741064204061,0.0051686489808788,-0.010552458403217,-3501.969556293174,5474.915222155396,6.531605355315594e-07,-7.870566623792202e-08
1981Q4,-2.622542183,-2.997012926,131,-2.558723044,-2.558723044,-0.006037401,0.024333533,-0.006037401,0.024333533,0.002044154,-0.0009711124333333,-0.0001232621972222,5.106455138888892e-05,0.018715,-0.0002290444444444,-7.699444444444437e-05,1.4802777777777742e-05,6799.233,98.8,99.4,0.0,0.9000000000000021,0.35,-0.0239166666666666,0.0038125,9.375000000000008e-05,0.6837841888347695,207000.11503910457,0.0001724726618342,0.6766373357454436,206483.51815918557,0.0001732250008875,-0.0131808642731786,0.0006977970371284,-4809.371422846074,-3851.638482039576,-1.3534738520819609e-06,-1.4424999861613233e-07
1982Q1,-2.521158108,-3.031524816,139,-2.541073935,-2.541073935,0.016193501,-0.002024134,0.016193501,-0.002024134,-0.002761201,-0.0003852599433333,-8.05394944444444e-05,-5.354588055555556e-05,0.014797,-0.0002026888888888,-7.108333333333334e-05,-6.053333333333329e-05,6830.251,99.7,99.96666666666668,0.1000000000000014,0.5500000000000007,-0.34,-0.22825,-0.0046249999999999,-4.166666666666902e-05,0.651952629615815,185684.33773537487,0.0001705057728192,0.6468991441027006,190152.5657589593,0.0001705908634705,-0.0047663219144442,0.0023140847562267,-1620.7049358627264,1811.39462004487,8.078378615589089e-08,5.168617984480472e-07
1982Q2,-2.479521513,-2.987054893,143,-2.526336041,-2.526336041,-0.010085669,-0.01617789,-0.010085669,-0.01617789,-0.005444152,0.0001151603088888,0.0001831111833333,0.0001105492513888,0.016584,0.0007549333333333,0.0001744138888888,9.261944444444448e-05,6804.139,101.8,101.46666666666668,-0.6000000000000014,-0.8999999999999986,-0.22,0.1342083333333333,0.0054583333333333,-0.0004583333333333,0.6346460093896713,184977.45942532583,0.0001717565161637,0.6349595384166935,184263.18328901264,0.0001715696873212,-0.012608969782364,-0.0084744139996218,217.03617421233503,3758.802497234756,8.728224957526458e-07,7.205374251463299e-07
1982Q3,-2.578328503,-3.052200698,145,-2.561245272,-2.561245272,-0.016162279,0.013898977,-0.016162279,0.013898977,-0.009948204,0.0028384396533333,0.0001684600880555,4.204118944444444e-05,0.003774,0.0028811944444444,0.0001430083333333,5.99291666666667e-05,6806.857,99.2,99.23333333333332,-0.5499999999999972,0.375,0.5,0.6527083333333334,0.0090416666666666,-0.0005416666666667,0.5696296996032496,202747.8490055564,0.0001763188181121,0.5692879490573509,208777.9329436182,0.0001769882238406,-0.013271376900889,0.0096407801498131,12015.183167038267,-350.4645458991363,2.835649461672778e-07,-1.6663401434598602e-06
1982Q4,-2.625885801,-3.042827641,148,-2.558660599,-2.558660599,0.017712285,0.033910237,0.017712285,0.033910237,0.002209079,0.0015257873644444,-6.264153611111123e-05,-4.048040416666657e-05,0.011648,0.0016296111111111,-3.223611111111146e-05,-2.523333333333321e-05,6896.561,98.8,98.93333333333334,-0.2000000000000028,0.2750000000000021,0.88,0.9104166666666668,0.0030416666666666,0.0006875,0.5655711935660758,227838.7046781283,0.0001719984384091,0.5764690368641753,231853.45036473995,0.0001723550825441,0.0124665822875046,0.0024859126553696,4195.644941627688,-441.4705874759602,-7.953681578383708e-07,5.945997527735216e-07
1983Q1,-2.471767494,-2.841273051,149,-2.525820702,-2.525820702,0.051658196,-0.000673123,0.051658196,-0.000673123,-0.002803312,0.0017064229477777,-9.408090555555564e-05,-0.0001244437722222,0.000542,0.0018922333333333,-0.0001141666666666,-0.0001377013888888,7053.5,100.5,100.56666666666666,0.6000000000000014,-0.3249999999999993,0.75,0.9087916666666668,-0.0025833333333332,0.0001666666666666,0.5926443879404286,250164.3784737105,0.0001698393867064,0.5951654290198111,251364.29752721207,0.0001699026754308,-0.0001090651525855,0.0021931992912867,8309.752730153865,437.2833956841787,-1.8473412413656335e-06,-1.9795317154977786e-07
1983Q2,-2.479808813,-2.952432112,156,-2.455344208,-2.455344208,0.016366039,-0.033039846,0.016366039,-0.033039846,0.008821411,0.0002388202344444,6.076747222222181e-06,3.658043055555561e-05,0.017976,0.0001832722222222,-1.1555555555556318e-06,6.555138888888885e-05,7194.504,100.5,100.29999999999998,-0.7000000000000028,0.6000000000000014,0.73,0.7827500000000001,0.0008124999999999,-0.00021875,0.6312235837329071,277651.26754320366,0.0001657909450329,0.6268858406598457,270314.32567432546,0.0001649635209441,0.0145179934193208,-0.0038079513978072,-135.32169783016434,-4107.3543855773605,-1.894780279997264e-06,-5.073663598156064e-07
1983Q3,-2.414456317,-2.927088654,156,-2.493088625,-2.493088625,-0.014421496,-0.012143898,-0.014421496,-0.012143898,-0.006936554,-2.075539777777777e-05,0.0001598137444444,2.332957222222218e-05,0.00562,0.0005536,0.0001314777777777,5.229027777777778e-05,7344.597,103.3,102.9,0.5,-1.1999999999999993,0.91,0.8883749999999999,0.0024374999999999,0.0001666666666667,0.6360054813292223,265443.5230612213,0.0001570548406848,0.6393154563510153,260080.2614193938,0.0001568651468551,-0.004023763623234,-0.0030835091488492,-2941.7336590900086,731.4944059570771,-2.9991115889373664e-06,7.04068088836556e-08
1983Q4,-2.585000746,-2.714265934,159,-2.484187199,-2.484187199,-0.007921757,0.006941673,-0.007921757,0.006941673,0.000424603,-0.0005843936777777,-7.370779444444437e-05,1.985798055555549e-05,0.010515,-0.0006630388888888,-6.22555555555556e-05,1.567777777777783e-05,7488.167,103.5,103.46666666666664,1.1499999999999986,0.0,0.97,1.014375,0.0001666666666666,-1.0416666666679396e-05,0.6177319078947369,253080.7661020724,0.0001488096670621,0.6239975682295897,251532.5237792452,0.0001492707495532,0.0003212204049776,0.0031497890512173,-6073.900309947392,-1618.9483412218833,-1.177710375988467e-06,9.145374684854196e-07
1984Q1,-2.453104534,-2.852814257,161,-2.508932139,-2.508932139,-0.000538149,0.009742951,-0.000538149,0.009742951,-0.002131394,-0.0007037765966666,6.339875555555561e-05,-1.6236519444444365e-05,0.006902,-0.0007950055555555,4.092499999999998e-05,-3.940277777777777e-05,7617.547,105.7,104.9,0.7000000000000028,-0.5750000000000028,0.93,0.9457083333333332,-0.0031666666666666,-8.333333333326864e-05,0.6180575192802057,239890.5755912404,0.0001471698873036,0.6178068699210846,235173.8432895381,0.0001478753301167,-0.0089827152098443,-0.0019076844782129,-2850.2627659960417,-149.06491644024936,-8.306170413000441e-07,-1.0358575259869658e-07
1984Q2,-2.488691138,-2.851966748,169,-2.485263498,-2.485263498,0.011564145,0.004552662,0.011564145,0.004552662,0.002224549,0.0004679089011111,-0.0001294680555555,3.153595972222224e-05,0.01849,0.0006446888888888,-0.0001025527777777,3.561527777777774e-05,7690.985,103.3,103.93333333333332,-0.25,0.4750000000000014,0.67,0.6030416666666667,-0.0041249999999999,-0.0001249999999999,0.5904661893396976,225284.82916518697,0.0001468750301578,0.5964498869217447,222652.4899900852,0.0001463948577213,-0.0034816684505676,0.0026943632067425,638.4685035039874,5215.220437618351,7.763011021605869e-07,7.923369620695635e-07
1984Q3,-2.513994821,-2.770894019,172,-2.485803849,-2.485803849,0.008567174,0.013363838,0.008567174,0.013363838,-0.005150934,0.0010136269522222,-0.0001080344055555,1.0691995833333284e-05,0.003838,0.0009879388888888,-0.0001327111111111,1.6562499999999976e-05,7754.117,102.8,102.53333333333332,-0.8999999999999986,0.0750000000000028,0.4,0.6246666666666667,0.0066666666666667,0.0005729166666666,0.5920095541401275,240989.089702957,0.0001507089437551,0.5896069698745433,240017.4310925862,0.0001509843669658,-0.0073783769008345,-0.0036380651556925,2536.4944851406326,-3117.621879338621,6.903568027752816e-07,-7.411667044164507e-07
1984Q4,-2.454725589,-2.839044377,180,-2.46812915,-2.46812915,0.038291822,0.005522199,0.038291822,0.005522199,0.005894382,0.0009654850833333,-1.8324388888888874e-05,6.483220833333335e-06,0.020255,0.0008342499999999,-3.2750000000000064e-05,5.341666666666684e-06,7829.26,101.4,101.06666666666666,-1.0,-0.4750000000000014,1.53,1.1174583333333334,0.0064583333333334,-0.00028125,0.5677145135566188,240740.59700866503,0.0001513388649401,0.5719712678889534,244876.37656668515,0.000151410187966,0.0011904904553033,0.0027350443226047,7048.469793164608,2162.645036908907,4.303852362743933e-07,-1.5937644299196158e-07
1985Q1,-2.435667039,-2.885378791,182,-2.409220205,-2.409220205,0.019611572,-0.025743988,0.019611572,-0.025743988,0.006238164,0.0007849134,-8.713972222222904e-07,1.872180277777779e-05,0.01661,0.00049745,-6.991666666666724e-06,3.468611111111114e-05,7898.194,97.6,97.9,-1.3500000000000014,0.1250000000000035,1.22,1.3625416666666663,0.0001875,-0.0004687499999999,0.5739615692554043,260043.4266406277,0.000150316908247,0.5753590390880087,259705.3798989233,0.0001504146731562,0.0006189493513927,0.0002341520440759,2042.510964774716,629.056974642328,-4.782370500282387e-07,3.51121799824733e-07
1985Q2,-2.337267988,-2.821664709,196,-2.428906006,-2.428906006,-0.013196155,-0.007494335,-0.013196155,-0.007494335,0.003242169,0.0003420657277777,-5.613639166666672e-05,4.057090972222222e-05,0.013662,0.0005671277777777,-3.366388888888884e-05,4.246250000000006e-05,8018.809,95.2,95.3,-0.4499999999999957,-0.1999999999999993,1.58,1.4331250000000002,0.0024166666666666,0.0002083333333332,0.5777158908507223,276316.99803351366,0.0001501269879997,0.578035423292823,274801.641148633,0.0001512674782356,-0.000263008913413,0.0015712031202372,3958.805202398944,-3329.2497045495984,3.47188085165676e-07,-1.0000465604641809e-07
1985Q3,-2.51378299,-2.840889822,200,-2.435612515,-2.435612515,0.004622903,0.018054145,0.004622903,0.018054145,0.004302261,0.0004972082488888,5.782617500000003e-05,0.0001082278402777,0.017308,0.0009936055555555,5.252777777777808e-06,7.149166666666677e-05,8078.415,91.8,92.93333333333332,0.5999999999999943,1.7500000000000036,1.43,1.3387916666666668,-0.0045416666666667,-0.00015625,0.60143611066688,264084.15874646406,0.0001516385514876,0.5892623214065111,271817.9801516427,0.0001509664590754,0.0020298282564016,-0.0041316005262361,474.6201185896935,3935.659543869435,-4.028366117260094e-07,-2.3840918219589138e-08
1985Q4,-2.455786566,-2.849476643,209,-2.419660201,-2.419660201,0.022912136,0.019207504,0.022912136,0.019207504,0.002847921,0.0020124733611111,5.849239166666671e-05,3.209972222222219e-06,0.008643,0.0025841833333333,6.484444444444467e-05,-7.143055555555527e-06,8153.829,95.5,95.13333333333333,-0.75,-1.6000000000000014,1.02,1.0107916666666668,-0.0083124999999999,-0.0001770833333333,0.5860086179380785,290486.98042673315,0.0001512702127872,0.5810801385157851,288187.1508196263,0.0001510441858329,-0.0027868378395989,-0.0004901316519386,7105.689191711135,419.0637220717326,2.152476524109725e-07,-2.2605911192556042e-07
1986Q1,-2.289411046,-2.891773147,216,-2.389788243,-2.389788243,0.04303791,0.011160442,0.04303791,0.011160442,-0.000292924,0.00209220915,-5.240039999999989e-05,-5.735466944444456e-05,0.007196,0.0025250222222222,-5.229999999999992e-05,-4.951805555555562e-05,8190.552,88.2,88.1,-2.450000000000003,1.0749999999999993,0.47,0.710125,-0.0043124999999999,-7.291666666664476e-05,0.5614349847683181,313253.83799830684,0.0001489239252753,0.5609873484397823,310072.69943927205,0.0001493103043217,-0.0107429176746309,-0.0004452806138194,4036.5444216284086,-2703.437768266929,-1.3270026096478049e-06,-2.929716548288517e-07
1986Q2,-2.424167119,-2.813614432,227,-2.33358438,-2.33358438,0.045233021,0.011357902,0.045233021,0.011357902,0.004967949,0.0003649650788888,9.736772222222165e-06,7.609722638888888e-05,0.012943,0.0003968388888888,2.105000000000005e-05,8.77458333333333e-05,8268.935,86.2,86.36666666666666,-0.0499999999999971,-0.0250000000000021,0.54,0.7324583333333333,0.0045,-0.0005729166666666,0.5380224825839138,313840.88847181125,0.0001447565541374,0.5570977665406962,307836.1683614672,0.0001452836304759,0.0140845650802866,0.0063676829150514,-4638.719090372615,-2120.417524208926,-9.958610653311786e-07,4.061003561137754e-07
1986Q3,-2.287174976,-2.757753523,232,-2.299322202,-2.299322202,0.065753713,0.008033132,0.065753713,0.008033132,0.006132835,0.0007643453722222,0.0001311142444444,-4.597640555555559e-05,0.016619,0.0011055666666666,0.0001212555555555,-5.794722222222216e-05,8313.338,86.6,86.9,0.3500000000000014,0.2000000000000028,1.07,0.932625,0.0016041666666666,0.00015625,0.6009643022716736,288264.1353745696,0.0001452688447555,0.5901067465426907,295704.1265094397,0.0001443456859014,0.0003543107611415,-0.0075057354334976,-1153.273002872069,658.8858946592518,-9.519523543597733e-08,-2.719098570145304e-07
1986Q4,-2.186624511,-2.593189622,232,-2.202076954,-2.202076954,0.061299285,-0.032827193,0.061299285,-0.032827193,-0.004930764,0.0022351776588888,-7.341794444444593e-06,-6.004556805555572e-05,0.002321,0.0025348722222222,-2.2322222222221928e-05,-4.877222222222238e-05,8375.274,86.9,87.93333333333334,0.8500000000000014,0.9499999999999992,0.88,0.9146666666666668,-0.0014791666666666,0.0001145833333333,0.5693164092368864,282988.42737478664,0.0001422187636939,0.5789665899203855,296417.3716405393,0.0001429044982113,0.0001793848540568,0.0048302280792862,8568.22636498374,5626.874645744872,-3.3585419117214334e-07,1.6255242661105038e-07
1987Q1,-2.132431374,-2.726967683,233,-2.176723633,-2.176723633,9.93e-05,-0.049299436,9.93e-05,-0.049299436,0.008644537,0.0010221388,6.95367416666667e-05,-9.982809861111112e-05,0.0191579999999999,0.0012721111111111,6.305277777777791e-05,-0.0001316736111111,8465.63,90.5,91.06666666666666,1.1499999999999986,0.5249999999999986,0.97,0.8695,-0.0007083333333333,0.0002291666666666,0.5843630382775119,327970.79609898326,0.0001408591908981,0.5779345724639419,324508.2632441061,0.0001411676529446,-0.0120568727550181,-0.0076536012518219,-958.4513537425082,-5147.407616572775,-1.209079895656993e-06,-3.628399828317725e-07
1987Q2,-2.211115014,-2.64764333,239,-2.2018783,-2.2018783,-0.037299587,-0.01955401,-0.037299587,-0.01955401,-0.01266645,0.0015428582111111,-5.763634722222234e-05,-5.5682933333333295e-05,-0.004197,0.0018400277777777,-1.0177777777777724e-05,-5.5477777777777904e-05,8539.075,94.5,94.63333333333333,0.8999999999999986,0.0,0.9,0.95875,0.0009375,-0.00021875,0.5312778020061055,326841.8165049077,0.000136453095967,0.5345260877356809,324610.8361260758,0.000136095839497,-0.0069552651614562,0.0037873973065622,4278.833511707227,99.19488821264532,-2.2482861734081545e-06,-4.131811198986854e-07
1987Q3,-2.262088512,-2.799845167,241,-2.251322806,-2.251322806,-0.039008692,0.014395944,-0.039008692,0.014395944,0.000435202,-0.0029057787188888,-0.0002666088722222,-3.460873055555528e-05,0.009172,-0.0029421444444444,-0.0003119277777777,-1.6156944444444335e-05,8685.694,96.0,96.1,-0.3500000000000014,-0.3250000000000028,1.03,1.089375,0.0006458333333334,-0.0001041666666666,0.5071450747953712,325511.8221821663,0.0001275218908472,0.5673493633683279,304840.9191224191,0.0001318359867693,0.0472901029458484,0.0161321618055589,-25650.329867696622,-6118.408765012893,1.2973507193009569e-06,1.6961136769316632e-06
1987Q4,-2.280764893,-2.711403397,246,-2.279895684,-2.279895684,-0.008507698,0.012275818,-0.008507698,0.012275818,-0.003146938,0.0018096571555555,0.0001111463666666,-0.0002736966833333,0.0032819999999999,0.0016360611111111,8.181111111111097e-05,-0.0002507652777777,8730.569,94.9,94.73333333333332,-0.4499999999999957,0.2999999999999971,1.06,1.099125,0.0011041666666666,0.000125,0.663298112144266,261639.03405153143,0.0001373860196982,0.6596028360610022,259318.871061014,0.0001362834347675,-0.0102142955681186,-0.0157798476757945,7571.954634994385,9186.9753866486,-2.3919220445633928e-08,-7.469377110895929e-07
1988Q1,-2.296833647,-2.909886578,248,-2.268338203,-2.268338203,-0.014457057,-0.014146912,-0.014457057,-0.014146912,0.003177432,0.0008020783511111,-6.002283333333427e-06,-5.1911079166666656e-05,0.014135,0.0010481111111111,4.516944444444453e-05,-6.596388888888886e-05,8845.28,94.1,94.9,0.1000000000000014,0.4500000000000028,1.16,1.0539166666666666,-0.0016041666666666,0.0001041666666666,0.6355527174684262,281971.60122199374,0.0001360447071582,0.6335462571892128,282711.85881295084,0.0001360825146151,-0.0063326770908737,-9.987497386815258e-05,1693.272203776607,-2026.1296532759009,-2.7548951235994773e-07,2.4826560425381597e-08
1988Q2,-2.227416068,-2.846761115,252,-2.308809798,-2.308809798,-0.036801523,-0.010386543,-0.036801523,-0.010386543,0.009299579,-5.631926666666671e-05,0.0001095158972222,9.927552083333332e-05,0.018808,6.239444444444426e-05,0.0001078055555555,0.0001008444444444,8897.107,97.0,96.5,0.4500000000000028,-0.3999999999999986,0.8,0.8443333333333332,-0.0047083333333333,1.0416666666734908e-05,0.6105017152658662,296053.69435253,0.0001360326810478,0.6097826579370371,288920.32768509,0.0001355406442824,-0.0068956589731316,0.0018283829589835,1861.385482728714,-2048.005358266208,-2.0599632869332406e-07,-1.2103609332717385e-07
1988Q3,-2.402179679,-2.824153565,253,-2.341941248,-2.341941248,-0.035230143,0.025266364,-0.035230143,0.025266364,-0.002494589,0.0004113196377777,-2.5258816666666676e-05,-4.647326805555556e-05,0.006672,0.0003598388888888,-7.811111111111153e-06,-3.154861111111117e-05,9015.661,97.0,96.86666666666665,-0.2000000000000028,-0.5249999999999986,0.44,0.443,-0.0068541666666666,0.0001979166666666,0.5981746260069045,291381.4858359868,0.0001352613347926,0.5953731720735114,288004.8377372457,0.0001347915988922,-0.0048491953394312,0.000171884765901,-328.61427890203777,-29.606783130395343,-1.40631541510123e-07,1.2730499403213957e-07
1988Q4,-2.396227997,-2.733757504,259,-2.379270084,-2.379270084,0.013731205,0.042187833,0.013731205,0.042187833,-0.006012885,0.0005066047944444,7.806546944444441e-05,-1.0803415277777794e-05,0.00306,0.0007516055555555,6.926944444444441e-05,-6.108333333333324e-06,9107.314,98.1,98.43333333333334,3.3999999999999986,0.5250000000000021,0.0,0.0245833333333333,-0.0073125,0.0001354166666666,0.5873598605866976,286830.6086970549,0.0001358389488315,0.5872221219915758,289470.7623205497,0.0001354869474249,-0.0009068564958515,0.0001168742447682,5073.517509298981,2498.0132282767736,5.298205673940297e-07,-1.4830574444965464e-07
1989Q1,-2.339402576,-2.561522448,260,-2.314478837,-2.314478837,0.049145522,0.00025495,0.049145522,0.00025495,0.008033639,0.0012966935511111,-8.584475277777779e-05,-1.2243009722222211e-05,0.015316,0.0012542388888888,-0.0001358916666666,-2.286527777777784e-05,9176.827,102.9,102.89999999999998,1.1999999999999955,0.1749999999999971,-0.43,-0.200875,-0.0013541666666666,0.0001458333333333,0.5846568341121495,302160.3854679264,0.0001351399232658,0.5821929925736054,304486.8192549123,0.0001352159923897,-0.0032674295350885,-0.0014472830146738,4528.584145347879,751.5283246939507,-2.988735696384096e-07,5.679616414321981e-08
1989Q2,-2.207805939,-2.52350447,269,-2.28097904,-2.28097904,0.014241104,-0.035830103,0.014241104,-0.035830103,-0.005317818,0.0015382673344444,-7.664730555555547e-05,-5.619116666666672e-05,0.004039,0.0016450944444444,-9.693055555555552e-05,-5.5594444444444365e-05,9244.816,103.2,103.73333333333332,-0.5,-0.2750000000000021,0.02,-0.0750833333333333,0.0019583333333333,9.375000000000357e-05,0.5715726520968695,318237.1754421589,0.0001340121199324,0.5685568446062352,322663.4897651366,0.0001344101179694,-0.004904033772269,-0.0003232906265493,6769.940531652275,218.26155764231223,-3.0756509746447745e-07,1.2323905458664437e-07
1989Q3,-2.295728604,-2.731931533,260,-2.285996629,-2.285996629,-0.022514684,-0.018526036,-0.022514684,-0.018526036,0.00157774,0.0004035566899999,-6.559776388888897e-05,-4.715613333333338e-05,0.009874,0.0007012833333333,-3.710555555555561e-05,-4.804027777777768e-05,9263.033,102.5,102.13333333333334,0.75,0.5,-0.15,0.03675,-0.000875,-0.0003020833333333,0.5549754792688364,337777.0724660128,0.0001343118456639,0.540489791565866,334644.30600596266,0.0001341797834079,-0.0142514973089468,0.0015422157104293,-2041.1908441081468,-2623.055216285269,-1.3730037041245066e-07,-1.1334669901730442e-07
1989Q4,-2.354455344,-2.879538516,258,-2.326008407,-2.326008407,-0.022810968,0.005042265,-0.022810968,0.005042265,0.007785097,-0.0002025696844444,0.0001123548527777,3.92785125e-05,0.01625,0.0001629277777777,9.603611111111108e-05,3.7626388888888914e-05,9364.259,105.1,105.1,1.6000000000000014,-0.1749999999999971,0.06,0.06175,0.0009583333333333,0.000125,0.5369766055729399,331116.88052434067,0.0001338878053926,0.5344845766539732,323826.70755851566,0.0001334818288661,0.0094411848500964,0.001663688581923,-4864.862131477828,263.5965960293688,-2.208841249179113e-07,6.032779379295287e-08
1990Q1,-2.327841273,-2.497387371,256,-2.331618565,-2.331618565,-0.012430153,-0.008696406,-0.012430153,-0.008696406,-0.002494205,0.0012711848944444,9.221968333333345e-05,-6.066293472222221e-05,0.002141,0.0015381833333333,0.0001069611111111,-6.242361111111113e-05,9398.243,105.1,104.86666666666666,-2.049999999999997,-0.0999999999999978,0.01,0.079,0.0007291666666666,8.33333333333311e-05,0.5478620381406436,322747.53241709626,0.0001336335532962,0.5482015365371237,317381.0901595703,0.0001336509380012,0.0002290631649006,-0.0026810371491211,1863.6336714585489,1645.8971707059245,3.881592345578145e-07,3.2627139331936747e-08
1990Q2,-2.312559079,-2.651196549,264,-2.350868713,-2.350868713,-0.040203781,-0.013075755,-0.040203781,-0.013075755,0.001090513,-0.0002715152466666,5.671650555555559e-05,2.007673194444444e-05,0.009796,-8.211111111111103e-05,3.531388888888885e-05,2.973750000000001e-05,9404.494,100.6,101.56666666666666,-1.0499999999999972,3.000000000000004,0.19,0.3456249999999999,0.0068333333333333,-2.083333333333104e-05,0.5380044742729306,325328.9976213304,0.0001337361898663,0.5459150127276564,325645.8711259669,0.0001340371864608,0.0238938497714217,0.0229822901126444,-3696.7496528767215,-7990.229289694093,6.030832868191265e-07,6.780627793637211e-07
1990Q3,-2.412205787,-2.76551607,263,-2.412026127,-2.412026127,-0.038581663,0.019513498,-0.038581663,0.019513498,0.016878759,-0.0010083067555555,0.0001301014166666,1.3256047222222128e-05,0.0207419999999999,-0.0012708333333333,0.0001056361111111,2.441388888888875e-05,9318.876,115.8,117.36666666666665,7.649999999999999,-3.1999999999999997,0.8,0.7070000000000001,0.005625,0.0001249999999999,0.6766223483716762,278652.2098906633,0.0001381057052726,0.6663084717057257,280868.79296343995,0.0001381651806946,0.0079395318590504,-0.0256653993262189,-10035.899847932977,9136.488201248154,1.2445707459316668e-06,-1.0389082011199398e-08
1990Q4,-2.511313515,-2.821043265,265,-2.428032039,-2.428032039,-0.001176784,0.036441892,-0.001176784,0.036441892,0.004563154,0.0021625912888888,0.0001355000527777,-3.4327041666665898e-06,0.011505,0.00211565,0.0001347,-1.4541666666666716e-05,9275.276,110.8,113.96666666666664,-2.25,2.0749999999999997,0.93,0.8930833333333335,0.0020624999999999,7.2916666666617e-05,0.6340681030586108,295324.7826074326,0.0001434236875725,0.6383639951034017,297406.71414171404,0.0001434394332256,0.0014468728387647,0.0053439822905672,13258.6825978689,1924.2529412269212,1.6643804638036535e-06,-7.498570960251573e-07
1991Q1,-2.360576815,-2.640309527,263,-2.414379695,-2.414379695,0.034302122,0.003411994,0.034302122,0.003411994,-0.000346343,0.0018952939888888,-5.44337861111111e-05,-0.0001192757986111,-0.001272,0.0017985055555555,8.444444444446336e-07,-0.0001273124999999,9347.597,100.5,101.6,-1.949999999999996,3.3000000000000007,1.03,1.1045833333333333,0.0036874999999999,-0.0002916666666666,0.6435775205604629,335345.57778787386,0.0001443723639257,0.6397574043389094,334297.887049361,0.0001442087229587,-0.0061413615348901,-0.0026558133152084,8818.918051148125,-3745.554329164879,-3.543847925403099e-07,-2.775671396482843e-07
1991Q2,-2.371248754,-2.814553151,283,-2.359427795,-2.359427795,0.005647204,-0.022517654,0.005647204,-0.022517654,-0.008653846,0.00040118489,-2.3456374999999894e-05,2.1039091666666634e-05,-0.001673,0.0004773055555555,-1.7494444444444415e-05,4.407361111111104e-05,9394.834,99.2,99.83333333333331,-0.75,0.2249999999999978,1.34,1.3325416666666667,0.0031041666666666,0.0002604166666667,0.6266616061940185,339516.7513781828,0.0001414776254729,0.6235714182170491,346269.43828955607,0.0001421484472971,0.0036775640078158,0.0072957378864001,1198.4970243123244,-281.01774393256346,-7.60621688013067e-07,3.002278878557423e-07
1991Q3,-2.346457817,-2.851703423,288,-2.403085286,-2.403085286,-0.010733186,0.012729694,-0.010733186,0.012729694,0.005079036,4.0778164444444384e-05,8.141333333330044e-08,-7.194764583333331e-05,0.011407,-4.3683333333333193e-05,3.472222222222744e-07,-8.551527777777787e-05,9427.581,98.4,99.43333333333332,0.8500000000000014,0.8249999999999993,1.48,1.6352083333333334,0.0055625,-0.0003854166666666,0.6542376715427537,352795.21220893686,0.0001417908743634,0.6519237452766071,352129.54406227206,0.0001413459150059,0.0030616696197088,-0.0073582498892399,587.163210823026,-1537.832175139847,-2.916647254094421e-07,2.5655295399703583e-08
1991Q4,-2.491549286,-2.936709435,288,-2.380894167,-2.380894167,0.031106592,0.027958097,0.031106592,0.027958097,0.004697211,0.0006875831788888,-8.146412499999999e-05,-5.477252638888888e-05,0.008951,0.0009864,-7.551388888888907e-05,-7.4913888888889e-05,9540.444,98.2,98.7,-1.75,0.7499999999999964,1.94,1.9330833333333333,0.003375,0.0001770833333333,0.6249842931937173,357988.93866962456,0.0001428892664406,0.6346945581161381,356540.686591653,0.0001418807896474,-0.0063041171091378,0.0029693286569866,8036.507791491749,2379.0744156784203,4.607720112496792e-07,-3.333117962496518e-07
1992Q1,-2.304675397,-2.677556693,287,-2.340872103,-2.340872103,0.045183008,-0.005022856,0.045183008,-0.005022856,0.001712159,-1.271622333333329e-05,-5.749208611111081e-06,1.5016185833333347e-05,0.007196,0.0006595055555555,-4.946388888888884e-05,-1.4775000000000076e-05,9643.893,97.1,97.93333333333332,-0.25,0.8250000000000028,1.94,2.0889166666666665,0.0017499999999999,-5.208333333328597e-05,0.63741873237346,366438.18609108654,0.000140463016584,0.642079276563219,370387.8618566186,0.0001407382411451,0.0094035477998307,0.0006837693819987,-1983.4137939312784,-1435.794667113063,-4.88891318555434e-07,2.818541321999513e-07
1992Q2,-2.226391625,-2.653645842,309,-2.29052815,-2.29052815,0.021060879,-0.017010862,0.021060879,-0.017010862,-0.001956277,0.0002388928344444,5.985509444444452e-05,-3.967820555555551e-05,0.00728,-1.8927777777777808e-05,0.0001005611111111,-3.5344444444444395e-05,9739.185,101.6,101.16666666666664,0.6499999999999986,-1.099999999999998,2.31,2.3192500000000003,0.0047291666666666,-0.0002083333333333,0.6649571259609699,362230.518241332,0.0001400600404782,0.6631316630279451,369042.8131769763,0.000140459751133,0.0064269622977242,0.000418105174001,831.8022292407404,22.69529510666325,-7.552021710557368e-09,-1.1030992736495149e-07
1992Q3,-2.340517429,-2.7011971,311,-2.298750344,-2.298750344,0.011161284,0.003957306,0.011161284,0.003957306,0.002399232,0.0004211982216666,-0.0001032461777777,-7.004236111111161e-06,0.0094559999999999,2.0361111111111187e-05,-0.0001353916666666,-1.8051388888888967e-05,9840.753,102.8,102.1,1.0499999999999972,-0.375,2.57,2.388541666666667,-0.0031458333333334,-0.0001041666666667,0.6806659744882825,370122.5276767962,0.0001390880415887,0.6809929522860865,372229.0271641073,0.0001394703132673,0.0027383923526829,-0.0013633705035466,4925.03467812133,3743.083505396077,-4.742831033021901e-07,-3.422542512671934e-08
1992Q4,-2.329341979,-3.132543818,313,-2.268205582,-2.268205582,0.028975491,0.0019849,0.028975491,0.0019849,-0.007087188,0.0008368670066666,5.5062736111111176e-05,2.8836216666666697e-05,0.001849,0.0008353222222222,8.335833333333333e-05,2.450833333333331e-05,9857.185,101.3,101.83333333333334,-0.3999999999999986,0.3500000000000014,2.14,2.208333333333333,-0.0037916666666668,-2.0833333333358794e-05,0.6839254804166055,403551.1165286373,0.0001373584152774,0.6866016497582088,400558.6953728704,0.0001374783241196,0.0087543505640185,0.0049754352556258,6471.501722509624,-3275.535755960882,-7.789577499397115e-07,-1.1773757556101724e-07
1993Q1,-2.134757338,-2.759528421,311,-2.240799363,-2.240799363,0.015131085,-0.036180533,0.015131085,-0.036180533,-0.000663761,0.0003042869311111,-6.525222500000001e-05,2.10820175e-05,-0.00641,0.0009751666666666,-5.270833333333343e-05,1.872638888888889e-05,9914.565,101.7,102.03333333333332,1.0,0.974999999999998,2.07,2.06625,-0.0032499999999999,0.0001249999999999,0.7089780283318878,413034.4668056823,0.0001328957785949,0.7108280027695015,406810.8670882483,0.0001337029147317,-0.0104598064740782,-0.0115440350735156,764.193744589953,70.54771822063776,-2.0385620980162e-06,-1.8930654389972155e-07
1993Q2,-2.258298773,-2.739367867,322,-2.237943413,-2.237943413,-0.043385575,-0.040716627,-0.043385575,-0.040716627,-0.000355011,0.0006679237711111,-5.956822777777773e-05,-4.34680097222222e-05,-0.000787,0.0008652166666666,-4.191388888888896e-05,-2.3866666666666632e-05,9961.873,103.8,103.66666666666664,-2.0,-0.8999999999999986,1.77,1.8202916666666664,-0.005375,-0.0001666666666665,0.663075731981982,413857.7371336895,0.0001280192400464,0.6627823125626057,412419.1575780073,0.0001277128404621,-0.0065372653871655,0.0080900551646614,3405.481989266584,1228.565386621471,-2.135963869629855e-06,6.132303640672477e-08
1993Q3,-2.320774127,-2.751969865,319,-2.327570514,-2.327570514,-0.06630217,0.010118549,-0.06630217,0.010118549,-0.002564604,0.0004065577277777,3.721786388888887e-05,-8.9657472222222e-06,-0.003135,0.0005788277777777,2.0824999999999978e-05,5.5833333333333245e-06,10097.362,101.2,101.9,1.4500000000000028,0.5499999999999972,1.51,1.5809166666666667,-0.0021041666666666,0.0002604166666666,0.687340556850912,426902.2874128693,0.0001245961418813,0.6793931382495683,424315.6967231659,0.0001229140426189,0.0158534483589175,0.0042961448380269,1098.6646440228506,-2029.379859554043,-6.262929225286983e-07,4.676985835487158e-07
1993Q4,-2.403638641,-3.040452913,321,-2.370547753,-2.370547753,-0.023148477,0.036855522,-0.023148477,0.036855522,-0.004673097,4.616628333333319e-05,7.230286111111091e-06,-2.3174356944444453e-05,-0.0057709999999999,0.0006637777777777,3.177222222222224e-05,-1.09347222222222e-05,10195.338,101.7,102.83333333333331,0.3999999999999986,0.5999999999999979,1.58,1.5305416666666667,0.0003541666666667,0.00025,0.7314837855724685,431338.0292019709,0.000122129940689,0.7273887196705682,427744.85527265,0.000122156248682,0.0079872431416773,-0.001895489547762,3049.71884559936,-2889.299777328779,-3.9374493905157393e-07,6.825155937724814e-08
1994Q1,-2.38723049,-2.765658235,321,-2.373867469,-2.373867469,0.007408875,0.004882842,0.007408875,0.004882842,0.000493772,-0.0002992653277777,-6.594748611111112e-05,-4.615031388888886e-05,0.002539,-0.0002514888888888,-4.569166666666669e-05,-3.754027777777776e-05,10333.495,103.8,103.23333333333332,0.8500000000000014,-0.3999999999999986,1.56,1.3994999999999995,-0.0039166666666666,1.041666666679042e-05,0.7778486875965002,403659.0902686657,0.0001223331381121,0.7747748304399645,411499.4873393314,0.0001228449942756,0.0227702462019201,-0.006160601205865,-8076.5499077934655,2377.2204209921474,8.644115676119718e-07,-4.151063783187264e-07
1994Q2,-2.330733274,-2.63878349,345,-2.355730004,-2.355730004,-0.013382793,-0.006974153,-0.013382793,-0.006974153,-0.007506199,0.0004898299966666,-3.820567777777773e-05,5.7277079166666685e-05,-0.0114779999999999,0.0007040777777777,-3.229722222222221e-05,7.520972222222223e-05,10393.898,102.7,102.2,-0.25,-3.552713678800501e-15,1.15,1.1775416666666667,-0.0040833333333333,0.00028125,0.7822958475325004,395110.36963266815,0.0001203075178424,0.7835778134239094,401011.8829570011,0.0001211211248704,-0.0089704026184128,-0.0028599812493474,775.5050663710572,2816.470594352868,-1.287628392717652e-06,7.491300759621568e-08
1994Q3,-2.349226246,-2.86198319,342,-2.400633055,-2.400633055,-0.006539431,0.022780944,-0.006539431,0.022780944,0.00097352,1.808705722222215e-05,-1.4121531111111088e-05,-6.0090211111111125e-05,-0.002968,0.0002095277777777,2.463888888888893e-06,-7.218472222222224e-05,10512.962,99.7,99.96666666666664,-1.5,0.5249999999999986,1.0,0.8906666666666667,-0.0088749999999999,0.0002604166666666,0.7455572213893052,408940.9534008546,0.0001181806375694,0.7445595713171512,409571.6997076988,0.0001183338025794,-0.0158015300844065,0.0041338656188637,-3826.0663765103673,-5154.811293174484,-8.839092517761235e-07,1.4254744003200942e-07
1994Q4,-2.521939645,-2.94057371,343,-2.368808865,-2.368808865,0.032179095,0.028027441,0.032179095,0.028027441,-0.004098361,0.0005270714922222,-6.980991388888893e-05,-4.701483069444442e-05,0.000421,0.0005280111111111,-4.458611111111106e-05,-5.06805555555556e-05,10550.251,101.1,101.0,1.1499999999999986,-0.1749999999999971,0.15,0.5145833333333333,-0.0046874999999999,-9.375000000000357e-05,0.7395583674482074,391496.5597515457,0.0001173231631498,0.7365789985121467,391040.3660255031,0.0001170986151693,0.0065459125001816,0.0004683874416783,1774.1744949227432,6334.72048885304,2.029331931260137e-08,1.322537563339063e-07
1995Q1,-2.235260705,-2.13536152,349,-2.336274865,-2.336274865,0.049515451,-0.011585842,0.049515451,-0.011585842,-0.00300665,0.0015142189877777,-2.9109831666666668e-05,-2.53081722222222e-05,-0.003564,0.0017690111111111,1.9983333333333268e-05,-4.606944444444515e-06,10581.723,102.3,102.96666666666664,0.3999999999999986,-0.0249999999999985,0.4,0.4159583333333333,0.002,-0.0001979166666666,0.739961524140499,416663.7065640412,0.0001170970903524,0.7411214684707441,414344.3105994821,0.0001171729768206,-0.010849325245149,-0.0097987069072069,6451.669272035477,-1209.5564064815844,-9.289720338230904e-07,-8.334732746424889e-07
1995Q2,-2.251624244,-2.643714193,376,-2.269777964,-2.269777964,0.00900741,-0.03039284,0.00900741,-0.03039284,0.001618034,0.0011151863344444,4.813026666666679e-05,-1.1055852777777696e-05,0.001465,0.0010028888888888,3.531388888888896e-05,-2.5065277777777835e-05,10671.738,103.0,102.33333333333331,-0.4000000000000057,-0.6499999999999986,0.42,0.4723333333333332,-0.0002708333333333,-0.0001354166666666,0.6758305421163627,434045.3823114589,0.000112264082595,0.6939886323940196,434912.7783589987,0.0001132882239455,0.0018196816351948,0.0126890531783138,8807.0469429043,216.02592864912003,-1.0769291329229993e-07,6.488844966116894e-07
1995Q3,-2.322448941,-2.630082349,377,-2.318260044,-2.318260044,-0.01127023,0.011520043,-0.01127023,0.011520043,-0.00249202,0.0008981793222222,5.983553055555554e-05,4.860703888888895e-05,0.000303,0.0010126166666666,6.877777777777785e-05,4.958055555555547e-05,10744.203,102.0,101.2,1.1000000000000014,0.4249999999999971,0.34,0.4321666666666667,-0.0003749999999999,-0.0002604166666666,0.7166613516496995,457843.7327879933,0.0001131899210798,0.7262397057807173,450804.0201825726,0.0001136045288312,0.0067168742459837,-0.0025001491692224,494.4154232212168,-1565.4595286864787,-1.88346036583948e-07,-2.402727894942585e-07
1995Q4,-2.380706946,-3.004599596,384,-2.292318423,-2.292318423,0.032047497,0.017943699,0.032047497,0.017943699,0.002947307,0.0012606573833333,0.0001131640805555,-2.724757916666671e-05,0.004235,0.0019631833333333,0.0001162583333333,-2.527777777777782e-05,10824.674,106.5,106.79999999999998,2.8500000000000014,0.125,0.4,0.5198333333333334,0.0015833333333333,-0.0001041666666666,0.7408090105365144,458622.9082972387,0.0001110271044172,0.7284681488492621,456121.3601221888,0.0001103178145091,-0.0122181502654091,-0.0074368523079808,3325.2961996574013,605.1108663608029,-2.288796105660604e-06,-1.9426139788096978e-07
1996Q1,-2.173799381,-2.48797388,395,-2.254165049,-2.254165049,0.024617169,-0.026699812,0.024617169,-0.026699812,-0.005300952,0.0009208377033333,3.200331388888885e-05,2.9170529166666696e-05,-0.007763,0.0009833777777777,1.824999999999993e-05,1.1577777777777704e-05,11005.217,109.8,111.86666666666665,1.3000000000000045,1.1999999999999993,0.55,0.6242916666666667,0.0015416666666666,-0.0002083333333333,0.6871160778658977,469857.1724616967,0.0001057959695526,0.6853655969842716,471686.2283817227,0.0001052370518262,-0.0083984103414224,0.0059122495698,9241.407351946458,205.3131055567792,-1.0146010102701303e-06,2.0119388464010722e-07
1996Q2,-2.207988821,-2.767723414,417,-2.243084085,-2.243084085,-0.021352127,-0.023472336,-0.021352127,-0.023472336,0.003111211,5.91868366666668e-05,-1.539143888888887e-05,2.694625138888891e-05,-0.004033,0.0002740999999999,2.482499999999994e-05,1.0243055555555548e-05,11103.935,112.2,113.79999999999998,0.0,1.2749999999999986,0.62,0.6037916666666667,0.0009583333333333,0.0001354166666666,0.6882416939635002,482269.41207038367,0.0001020400562038,0.7083696385889204,475193.5676285233,0.0001031513027006,0.0263321026520225,0.0025122419489546,-8759.7281534262,-582.5500808696961,2.166284377604614e-07,6.154732527646677e-07
1996Q3,-2.347464054,-2.763446849,411,-2.296869303,-2.296869303,-0.022327504,0.019589957,-0.022327504,0.019589957,0.001632201,0.0019294229722222,-0.0001141660833333,1.6595062499999912e-05,0.001573,0.0020518,-0.0001435166666666,3.449166666666669e-05,11219.238,112.7,113.3,-1.6999999999999955,1.224999999999998,0.62,0.576375,-0.0009375,-3.124999999998268e-05,0.731556630948266,479734.74995848944,0.0001045158841674,0.7345016241826555,475961.8829623253,0.0001038186003425,-0.0120481499498013,-0.0088386179497908,7020.783902879193,26.21543940569973,-1.0786425873133757e-06,-1.1596625089928768e-06
1996Q4,-2.335155033,-3.041039612,416,-2.287739094,-2.287739094,0.017827788,0.021633575,0.017827788,0.021633575,-0.017390728,0.0014931870622222,8.220976388888886e-05,-6.008181944444483e-06,-0.0153319999999999,0.0017563277777777,8.244444444444434e-05,-5.424999999999874e-06,11291.665,122.5,121.9,5.899999999999999,-4.125,0.55,0.5358333333333334,-0.0012916666666667,0.0001145833333333,0.6653088934147997,489671.2540992011,9.614603912348232e-05,0.6763806926504032,488286.0676014001,9.651936959171664e-05,-0.0252664981398547,0.0012893211876484,2520.9594872606103,-3011.636945633684,-3.0551267629289606e-06,9.799242588960874e-08
1997Q1,-2.180598194,-2.59337921,414,-2.261213726,-2.261213726,0.020939645,-0.014080636,0.020939645,-0.014080636,-0.021657104,0.0009247249833333,4.424971666666677e-05,4.550753333333325e-05,-0.023308,0.0009280666666666,9.935833333333334e-05,3.336388888888883e-05,11479.33,107.5,110.63333333333333,-4.399999999999999,5.399999999999999,0.47,0.4735833333333333,-0.0013333333333333,-2.0833333333358794e-05,0.6186915254237288,472446.3350842328,8.976930197518954e-05,0.6100028852545031,477452.8240928888,8.958288958140577e-05,-0.0208901163771039,0.000975384437456,-1100.96226241588,6872.407857088052,-8.713521042623512e-07,6.455905181192986e-07
1997Q2,-2.267887952,-2.74957999,417,-2.245859803,-2.245859803,-0.010333483,-0.011651605,-0.010333483,-0.011651605,-0.002434351,0.0021529065777777,0.0001206397305555,-0.0001500735152777,-0.001942,0.0018431944444444,0.0001296083333333,-0.0001657944444444,11622.911,106.2,107.16666666666666,-1.4499999999999955,0.5499999999999972,0.43,0.3819166666666667,-0.0016249999999999,-4.166666666666208e-05,0.5598448646812365,507598.9241760457,8.665031726719985e-05,0.5617339188755887,509107.8846626023,8.7275198391039e-05,-0.0146270050430319,-0.0008374810456714,13526.97820510008,-785.9559713515919,-1.5330699908457069e-06,-3.803023714364047e-07
1997Q3,-2.289093264,-2.911663571,408,-2.281880693,-2.281880693,-0.002363565,0.022352444,-0.002363565,0.022352444,-0.006356599,0.0005244837222222,1.0816402777777793e-05,-4.549559027777783e-05,-0.005777,6.473333333333379e-05,-3.6277777777778087e-06,-4.056944444444464e-05,11722.722,108.4,109.53333333333332,3.3000000000000043,1.2999999999999972,0.32,0.2559166666666667,-0.0023749999999999,0.0001770833333333,0.5081967771221062,548297.7450119144,8.129672516927191e-05,0.5514553830756459,538012.2147773118,8.544763379990086e-05,0.0290740548761966,0.0160745837960044,2737.0011358308257,-4725.839066335044,2.2225091795198502e-06,1.364762316671721e-06
1997Q4,-2.288660863,-2.981978621,418,-2.250586933,-2.250586933,0.034371404,0.016335838,0.034371404,0.016335838,-0.000422315,0.0017278128166666,0.0003349025749999,-0.0001920878777777,-0.000975,0.0017490166666666,0.0003794861111111,-0.0002074069444444,11839.876,108.8,109.13333333333333,-6.5,-0.8499999999999979,0.09,0.156125,-0.0018333333333333,9.37499999999966e-05,0.621634702166065,541708.6634229715,9.025446345568548e-05,0.6273681338200274,538597.9140997255,9.169235532967888e-05,0.0015234868179596,-0.0102739087756981,5263.609189048351,5118.681020462391,6.447463790944575e-07,-5.194283013541027e-07
1998Q1,-2.174006674,-2.605504257,417,-2.213137884,-2.213137884,0.030308111,-0.010944348,0.030308111,-0.010944348,0.007498514,0.0014592367055555,6.811099722222236e-05,4.351527777778607e-07,0.002013,0.0016291944444444,3.2949999999999906e-05,1.2074999999999956e-05,11949.492,99.5,100.29999999999998,-0.1000000000000014,0.8499999999999979,0.07,0.0912916666666666,-0.0010833333333333,3.125000000000003e-05,0.6289921331661157,574654.6176138798,9.32625639642858e-05,0.6354331867191146,572761.1294274041,9.4466853572125e-05,0.0089681705281818,0.0029483734879146,8003.299711661646,-6536.325201289263,1.032796983037284e-06,-7.471596249702157e-08
1998Q2,-2.176746116,-2.699008484,456,-2.189970711,-2.189970711,0.012482709,-0.017370634,0.012482709,-0.017370634,-0.004084357,-0.0010217338333333,0.0002028487666666,-9.867524166666675e-05,-0.00494,-0.0014046333333333,0.0001599194444444,-9.250555555555556e-05,12099.191,97.1,98.03333333333332,-1.0999999999999943,0.0,-0.05,0.0494166666666666,0.0011666666666666,4.166666666666381e-05,0.6596619686031855,566761.4631036142,9.622310302604342e-05,0.6559073450776838,557877.0039603388,9.571937145731548e-05,0.0133349773616937,0.0064353767674276,-21493.680615800724,-8974.972477247502,1.309624952334983e-07,3.660488775626414e-07
1998Q3,-2.219159345,-2.552569575,452,-2.188172466,-2.188172466,-0.004433158,-0.003019063,-0.004433158,-0.003019063,-0.030514194,0.00036507865,3.366245000000002e-05,8.029758611111114e-05,-0.029441,0.0002156111111111,-5.549444444444445e-05,8.63416666666666e-05,12294.737,91.4,92.96666666666668,0.1500000000000056,2.049999999999997,0.14,0.1842083333333333,0.0009374999999999,5.208333333334148e-05,0.6831746397694525,496189.2742236495,9.903673103967712e-05,0.7143123765084961,493167.21583351627,0.0001008782614862,0.0065324646041967,-0.0099689007284104,1489.5583143896947,16296.351356512603,2.7686758494645936e-06,4.0495051483513325e-08
1998Q4,-2.168611937,-2.654320465,456,-2.198837026,-2.198837026,0.006444583,0.007823758,0.006444583,0.007823758,-0.002191683,0.0020885564666666,4.319864999999994e-05,-5.718398888888889e-05,-0.0100499999999999,0.0017551888888888,4.913611111111117e-05,-3.848749999999987e-05,12410.778,90.2,91.6,-1.2999999999999972,0.625,0.11,0.21325,0.0009166666666666,0.0001249999999999,0.6868790111718563,539104.3197865677,0.0001057250561701,0.6874818385941358,536344.7145959862,0.0001050602296637,-0.0212733701084663,-0.0076795202198193,6215.5434628445655,-8133.814055939511,-8.479485231558599e-07,-1.1330765173405026e-06
1999Q1,-2.208739797,-2.726365965,458,-2.175283301,-2.175283301,0.011214359,-0.003133432,0.011214359,-0.003133432,-0.01105516,0.0006869232277777,6.272951666666673e-05,-1.0274950000000002e-05,-0.012821,0.0017629222222222,6.030555555555553e-05,1.7934722222222126e-05,12514.408,89.6,89.96666666666667,1.1499999999999986,2.150000000000002,0.26,0.1969583333333333,0.0015833333333333,-3.125000000001044e-05,0.6183011116481393,529348.905628521,0.0001023960144377,0.6137583097581212,538288.8395256489,0.0001004007049394,-0.0240945870672136,0.0024072228751291,10927.699657536636,7673.784038596146,-1.9491120332143345e-06,-1.9233279009647577e-07
1999Q2,-2.148498168,-2.620023927,492,-2.176408308,-2.176408308,0.000177718,-0.005895987,0.000177718,-0.005895987,0.015731252,-0.0002445857222222,5.923206944444444e-05,9.176632361111116e-05,0.0144789999999999,0.0002338388888888,-2.9252777777777825e-05,3.206805555555558e-05,12679.977,97.0,97.03333333333332,0.25,-0.0749999999999992,0.28,0.2545,0.0,6.249999999999312e-05,0.5655042274231099,584930.3280557198,9.582182902681352e-05,0.5695531548314761,578675.293151041,9.6259889671492e-05,-0.0033504650683167,0.0044956841780664,4509.202980963048,-6508.953732752503,1.8972678769135082e-07,8.345254785754366e-07
1999Q3,-2.171986959,-2.561537358,477,-2.174927864,-2.174927864,-0.000577616,-0.004497725,-0.000577616,-0.004497725,0.011305849,0.0005231142555555,0.0001068893722222,1.9565688888888893e-05,0.01209,0.0003105055555555,0.0001390666666666,3.11097222222222e-05,12888.281,106.4,104.2,0.6999999999999957,-1.4500000000000028,0.27,0.223625,-0.0005833333333333,-1.041666666665858e-05,0.5585830458353869,574190.1948789379,9.718458984874344e-05,0.5509183052733998,575672.675083118,9.723013849493284e-05,-0.012680149537359,-0.0007815033690886,5211.844513923687,10754.059599526983,2.730062930740625e-07,2.2484534494004405e-07
1999Q4,-2.204298466,-2.662205815,476,-2.177563539,-2.177563539,-0.008817732,-0.003004291,-0.008817732,-0.003004291,0.003263979,0.0007753390511111,-0.0002918920055555,-8.690857638888894e-05,0.003865,-0.00026605,-0.0003376611111111,-4.0444444444444376e-05,12935.252,104.4,106.96666666666664,-1.4500000000000028,1.4999999999999964,0.21,0.0808333333333333,-0.0056875,0.0001666666666666,0.5324282697801516,649422.9390622345,9.948770811210802e-05,0.5258885567149189,631590.395151814,9.8941946514573e-05,-0.0063655272022424,4.218169106007252e-06,18844.621605748544,-4233.029772615555,5.739180592773857e-08,-5.187141561893999e-07
2000Q1,-2.156405194,-2.49340265,464,-2.192563329,-2.192563329,-0.006586197,-0.005929466,-0.006586197,-0.005929466,0.007164364,0.0006157063477777,8.044557777777788e-05,4.5414643055555497e-05,-0.005311,-6.356666666666678e-05,5.888333333333337e-05,2.788055555555559e-05,13170.749,113.2,111.83333333333331,0.1499999999999985,-1.1250000000000036,-0.47,-0.22825,-0.0049999999999999,0.0001041666666666,0.5128736789129341,671485.5234674484,9.749069280045504e-05,0.5499435445800392,654045.4506703035,0.0001005804982802,0.0378327586298376,0.0104738656240133,-11511.417726918124,-8535.382556555967,2.3664071996858056e-06,9.242051453778918e-07
2000Q2,-2.216986327,-2.707322531,481,-2.190735933,-2.190735933,-0.020676664,-0.007627596,-0.020676664,-0.007627596,0.008465117,0.0004401597888888,-3.202217777777781e-05,-1.3544180555555578e-05,0.004795,0.0004488722222222,0.0001418361111111,-1.4402777777777352e-06,13183.89,124.8,120.66666666666666,3.5,-5.175000000000001,-0.35,-0.3602916666666666,0.00175,0.0003229166666666,0.6201907630522089,635355.6557148218,0.0001077911227163,0.6220071504312893,626636.4251397119,0.0001064071848967,-8.418930181569584e-05,-0.0074315345666553,10125.370203116792,6364.785878320312,4.011426795792229e-07,-8.132339214456298e-07
2000Q3,-2.198816278,-2.294647268,466,-2.233916657,-2.233916657,-0.02184139,0.001816189,-0.02184139,0.001816189,-0.014935301,-0.0009841826666666,0.0002590684805555,0.0001245062763888,-0.015921,3.338333333333343e-05,0.0002085722222222,7.113749999999996e-05,13262.25,125.6,124.46666666666664,6.299999999999997,0.0,-0.18,-0.2418333333333333,0.0022291666666666,3.125000000001044e-05,0.6307707707707707,635957.2244873812,0.0001072936896497,0.6340472794923309,635314.7095887498,0.0001067348087476,0.0113996189122823,0.005911430587484,-19501.501543531136,-10051.732412652462,-6.556561546840531e-07,-2.353831912817418e-07
2000Q4,-2.285947368,-2.925714047,450,-2.234418712,-2.234418712,-0.017044287,-0.003534016,-0.017044287,-0.003534016,-0.010448052,-0.0009453666777777,0.0001981449194444,-7.492262638888892e-05,-0.007536,0.0004588277777777,0.0001030749999999,-1.8218055555555552e-05,13219.251,141.1,145.26666666666665,18.25,-2.575000000000003,0.01,0.1499166666666666,0.006625,0.0003541666666666,0.6879174651846174,583415.367485048,0.0001074202924513,0.6793391415607386,592728.5972818327,0.000107689809486,0.0071439160954485,-0.0074072608855018,6589.394723028177,3643.75214597577,1.995772931386379e-06,-3.175820180953538e-07
2001Q1,-2.218492491,-2.753282033,447,-2.268005231,-2.268005231,-0.028909422,-0.012685694,-0.028909422,-0.012685694,0.010784442,-0.0006111288611111,8.198026388888904e-05,-1.9427238888888897e-05,0.008135,0.0006111333333333,2.4813888888888976e-05,-3.0476388888888903e-05,13301.394,132.4,135.7,-4.349999999999994,7.824999999999996,0.75,0.7735416666666666,0.0084791666666667,-0.0008958333333333,0.6780031221542865,569115.5804975426,0.0001046206433665,0.6828187655109142,588853.3955155769,0.0001088265151153,0.0012834417761756,-0.00021474989808,1300.7830707286485,9743.890327559086,1.38586883411691e-06,1.7393374549834664e-06
2001Q2,-2.299575835,-2.822579465,441,-2.292237555,-2.292237555,-0.042415675,-0.003077076,-0.042415675,-0.003077076,-0.001451639,-0.0008726087888888,-0.0001069465444444,-3.18958944444445e-05,-0.006039,-0.0006142777777777,-6.604166666666667e-05,1.1879166666666754e-05,13248.142,119.9,121.23333333333332,-8.600000000000001,1.3749999999999964,1.17,1.20175,0.0082291666666667,-0.0003645833333333,0.6774801560608099,624266.8183188,0.0001157074574247,0.6752876568664719,620839.5342246344,0.0001150088023932,-0.0061775498265224,0.004087792767939,181.1369659111369,-12008.76240956632,-5.814455653106672e-07,-1.25572205875262e-06
2001Q3,-2.358644341,-2.784644273,427,-2.352836581,-2.352836581,-0.035063573,0.023011184,-0.035063573,0.023011184,0.021922031,-0.0006529428147777,3.596313333333333e-05,0.0001322651597222,0.019137,-0.00065865,4.069166666666651e-05,0.0001157416666666,13284.881,107.2,105.63333333333333,-7.449999999999996,0.3999999999999986,1.74,1.6036666666666668,0.0066041666666666,3.124999999992717e-05,0.723203007518797,560560.084495307,0.0001148335763995,0.7007176810489238,582823.6533675977,0.0001163957090047,0.0151649015158521,-0.005953477434528,-5552.10097438033,14983.5601510157,3.6661765727001615e-06,1.4927789964639284e-06
2001Q4,-2.400289568,-2.906313791,422,-2.362364701,-2.362364701,0.003606693,0.021284423,0.003606693,0.021284423,-0.011145372,0.0007267779041111,-5.7154041666666606e-05,6.1410222222221984e-06,-0.011393,0.0014265055555555,-7.062500000000005e-05,1.1637500000000003e-05,13394.91,95.5,99.33333333333331,-1.4500000000000028,1.2000000000000028,2.0,1.8895833333333327,-0.0003958333333332,4.166666666666208e-05,0.7018867661414028,633447.216309629,0.0001265418286281,0.7013138385723217,627334.6494048795,0.0001263890909583,-0.0067942442679101,-7.776007305296262e-05,10447.188890310412,-8203.289092333027,1.6284299327086753e-07,-1.803052117978332e-06
2002Q1,-2.328160196,-2.574833494,418,-2.345623194,-2.345623194,0.007505274,0.003988326,0.007505274,0.003988326,0.002455049,-0.0006441354144444,-0.0001647306691666,-3.555202333333315e-05,-0.002203,0.0002523333333333,-0.0001323083333333,-4.574999999999989e-05,13477.356,103.8,103.43333333333332,4.849999999999994,0.3000000000000007,1.7,1.8723333333333327,-0.0004583333333334,0.00015625,0.6800255246738514,656607.207941048,0.0001248519106059,0.6806944914086849,644492.4032278516,0.000123217421835,-0.0079434554614779,-0.0012472903045797,9726.425608462538,-2899.922443851276,-1.039390525727304e-06,-3.343084908941394e-07
2002Q2,-2.30841982,-2.783834116,425,-2.347354153,-2.347354153,0.011583346,0.015171967,0.011583346,0.015171967,-0.000837842,-0.0020035128933333,-0.0001205547472222,5.611474513888881e-05,-0.002876,-0.0016073888888888,-0.0001420888888888,4.724861111111105e-05,13531.741,105.1,106.86666666666666,-1.25,1.5500000000000007,1.96,1.9640416666666665,0.0003333333333334,0.0,0.6520175186674324,629265.3118537018,0.0001169978523573,0.6447482660223764,626565.2543299751,0.0001197475020563,-0.0157352828666672,0.0004341496226914,-21117.532099255823,-1924.6986646318985,2.864674131660371e-07,1.282440413972136e-06
2002Q3,-2.405482444,-2.796485749,405,-2.322456503,-2.322456503,0.037849207,0.015044273,0.037849207,0.015044273,-0.014612568,0.0012263624388888,-0.0003251973805555,-0.0001093324416666,-0.014221,0.0010512388888888,-0.0002877444444444,-6.189166666666665e-05,13549.421,110.8,110.56666666666666,2.1499999999999986,0.375,1.91,2.073208333333333,0.001875,-9.37500000002256e-05,0.6204511169132579,578591.7511304163,0.0001217867772412,0.6188519821591503,587471.0710797792,0.0001248491759088,0.0017508797353439,0.0047586506056782,4129.196411194163,8603.578638857754,3.1494346934386134e-06,6.732012442460517e-07
2002Q4,-2.253467246,-2.886411728,401,-2.271655739,-2.271655739,0.041671892,-0.019833639,0.041671892,-0.019833639,0.000488975,-0.0007492157244444,-8.193750833333324e-05,-6.808095972222228e-05,0.001119,-0.0007395722222222,-5.191388888888893e-05,-7.237083333333331e-05,13619.434,118.9,121.16666666666666,5.700000000000003,2.2749999999999986,2.22,2.193916666666667,0.0032916666666664,-2.0833333333358794e-05,0.6288818503241014,599637.8894868327,0.000132324595928,0.6285793604581312,609648.7324283256,0.0001326918730934,0.0008930797538306,-0.0026685112371793,-618.174522134359,-4786.841235356347,1.0100721359822653e-07,-1.1830215563865166e-06
2003Q1,-2.156017526,-2.727207616,401,-2.239112719,-2.239112719,-0.001818072,-0.044357787,-0.001818072,-0.044357787,-0.017741749,0.0013429082166666,0.000286923575,3.03039958333333e-05,-0.018861,0.0011353222222222,0.0002720416666666,1.6747222222222185e-05,13741.107,152.2,138.23333333333332,-3.050000000000012,-11.624999999999991,2.32,2.236125,-0.0011875000000001,-9.374999999989252e-05,0.6138228228228229,601626.2484764685,0.000132814529102,0.6173201629107963,612591.8329968229,0.0001330764748076,-0.0039891095435313,0.0031465151778485,15614.239343182126,9040.053391772934,1.4270671794748855e-06,7.822056720789504e-07
2003Q2,-2.307853385,-2.632015238,410,-2.275291882,-2.275291882,-0.047043681,-0.005981298,-0.047043681,-0.005981298,-0.001761898,0.0014164260811111,0.0001167168333333,-0.0001153520305555,-0.000402,0.0015967222222222,0.0001227666666666,-0.0001246708333333,13970.157,135.5,132.43333333333334,1.0,-3.0,2.22,2.37275,0.0010833333333333,-0.0005,0.6261933998465081,674185.0601303008,0.0001389986010838,0.6272040831570244,681066.7929875524,0.0001389101533293,0.0070620504907516,0.0005446882744776,20657.38547047664,-2944.525148284505,1.4548303694629988e-06,-4.319750327855387e-07
2003Q3,-2.362004735,-2.750976806,396,-2.333200081,-2.333200081,-0.013780668,0.042610358,-0.013780668,0.042610358,-0.010540643,0.0007632536422222,-2.2047508333333357e-05,5.6965902777777794e-05,-0.0112129999999999,0.0008054944444444,-6.791666666666719e-06,6.203472222222228e-05,14131.379,134.4,134.46666666666667,3.6999999999999886,0.25,2.46,2.497,0.0001458333333332,0.0001041666666665,0.6508963803013826,721601.7697224001,0.000141649185288,0.6504464994218039,734803.5403962539,0.0001421028236439,0.01019186131078,0.0015947236782089,18858.35547126329,1658.7428832246223,1.2582674536757094e-06,2.6771696519568454e-07
2003Q4,-2.329742125,-2.848231165,398,-2.302853219,-2.302853219,0.038177035,0.025167746,0.038177035,0.025167746,0.00205472,0.0012650811211111,-9.877105e-05,-9.819741388888892e-05,0.00277,0.0011809111111111,-9.821666666666668e-05,-9.252916666666664e-05,14212.34,142.4,143.0,5.399999999999992,1.0499999999999972,2.43,2.376625,-0.0021875000000002,-0.0001979166666667,0.6870572549019608,789608.213248447,0.0001467388522305,0.6847448669067162,795644.0494737001,0.0001463630935614,0.0129257153926616,0.003624536641767,16696.902031900827,-3481.158035916509,1.2228059192103508e-06,1.772213791876139e-08
2004Q1,-2.216812796,-2.614827309,379,-2.256846012,-2.256846012,0.036554824,-0.027470553,0.036554824,-0.027470553,-0.000700976,-0.0002664530677777,0.0001114902861111,0.0001240012930555,-0.00224,-0.0003521777777777,9.746111111111112e-05,0.0001145513888888,14323.017,153.2,153.39999999999998,2.6999999999999886,0.7250000000000014,2.26,2.23725,-0.0046249999999998,-0.0001249999999999,0.7537967746986065,832224.2020723469,0.0001517635093669,0.7502371888232926,816023.6272158253,0.000151507833407,0.0298688208156843,0.0010546751736127,-6737.938978925231,-4103.215621555632,2.578728873282274e-06,4.674954911590694e-07
2004Q2,-2.223983115,-2.769820541,392,-2.229743571,-2.229743571,-0.016764071,-0.03894688,-0.016764071,-0.03894688,0.004083788,-0.0002323965166666,7.161853888888888e-05,2.136060138888888e-05,0.002188,-0.0001344,6.078888888888886e-05,2.839444444444445e-05,14457.832,161.5,161.13333333333333,0.3500000000000085,-1.2750000000000057,1.92,1.954125,-0.0072083333333334,-0.0003124999999999,0.8229842767295598,819276.7556535283,0.000160130352982,0.8244297753931958,806074.9644473208,0.0001589405258091,0.0152445951070112,-0.0060402115318274,-2369.838079168694,-662.8399099941016,1.000101014875864e-06,-1.0886559293256325e-06
2004Q3,-2.248434803,-2.736821652,386,-2.290374153,-2.290374153,-0.041338936,-0.009189846,-0.041338936,-0.009189846,-0.000197345,0.00095503742,-4.391905277777771e-05,-2.533915416666661e-05,-0.005522,0.0006455777777777,-6.555555555555557e-05,-1.7845833333333304e-05,14605.595,154.0,158.89999999999998,-0.3499999999999943,6.5,1.51,1.5489583333333334,-0.0061041666666667,-0.00021875,0.8455811403508772,812899.9611059038,0.0001595550538832,0.8407237881146509,808735.5823255471,0.0001590032095133,-0.0045570688322766,-0.0046768387050678,16935.010237590468,10291.677105327428,-1.354642973220091e-07,-4.230611373904985e-09
2004Q4,-2.398704543,-2.819018117,381,-2.312421443,-2.312421443,-0.035143762,0.011768314,-0.035143762,0.011768314,-0.001343167,0.00100871327,-0.0001656166166666,-1.461625416666662e-05,-0.001601,0.0011612333333333,-0.0001448777777777,-5.430555555555831e-07,14767.846,167.2,168.0333333333333,-4.25,-2.624999999999993,1.16,1.1023333333333332,-0.007,-1.0416666666679396e-05,0.8263930309213624,885874.2860274086,0.0001593895960034,0.8331524237097271,870685.0276525404,0.0001595197183201,0.0062070573564986,0.0029486064650929,7848.243668166746,-10328.477727290854,7.194461371838004e-07,-3.8292831073363284e-08
2005Q1,-2.290124983,-2.718942754,381,-2.360661678,-2.360661678,-0.017802308,0.010774406,-0.017802308,0.010774406,-0.000694086,0.0003455376385555,-5.592575555555553e-05,-4.678344722222226e-05,-0.003526,0.0002213444444444,-9.926666666666678e-05,-3.117916666666668e-05,14839.707,170.5,169.46666666666664,6.049999999999997,-1.9250000000000045,0.7,0.6884166666666667,-0.0067083333333333,0.0001770833333332,0.8399733917670997,867806.3711110299,0.0001591513102674,0.842969203308821,860603.0430073392,0.0001599225626676,-0.0012882175175836,-0.0012675144941822,-4278.106407202082,3233.070212847408,2.3300173256218261e-07,3.874712796610701e-07
2005Q2,-2.393155508,-2.731519591,387,-2.348026059,-2.348026059,-0.013594951,0.007168846,-0.013594951,0.007168846,-0.007100888,0.0006324629222222,5.567880277777777e-05,2.414886111111106e-05,-0.009592,0.0004198111111111,5.816388888888895e-05,4.367499999999997e-05,14956.291,165.5,169.66666666666666,2.6500000000000057,6.375,0.28,0.3825416666666666,-0.0043124999999999,-0.0001770833333333,0.8379556882463859,875657.8900341892,0.0001611283163427,0.83966001511897,882370.5079196475,0.0001619605405125,-0.0006900294415587,0.0006609721878868,16749.737306862604,-439.20222952085896,2.7862682330624536e-07,-3.362054715172266e-07
2005Q3,-2.360797685,-2.832480242,381,-2.38785158,-2.38785158,-0.003464616,0.0170476,-0.003464616,0.0170476,0.000920435,0.0002289646966666,-3.1210924999999984e-05,1.3901073611111104e-05,0.001509,0.0003166,-6.088888888888886e-05,2.688611111111106e-05,15041.232,200.3,198.16666666666663,15.599999999999994,-4.075000000000003,0.16,0.1910416666666666,-0.0028124999999999,-4.166666666666208e-05,0.8395315202012262,905433.539718035,0.0001618405767988,0.8396328561761506,895979.0592192449,0.0001628343544861,-0.0003607430673483,0.000428256186436,-4137.786639212398,-940.049059453886,1.0365303095965508e-06,4.016272883001322e-07
2005Q4,-2.409601546,-2.897687179,372,-2.35495529,-2.35495529,0.020500248,0.017829676,0.020500248,0.017829676,-0.004886721,0.00076621282,5.218113055555562e-05,3.4336527777777744e-05,-0.006242,0.0007816944444444,6.207222222222216e-05,3.53583333333333e-05,15244.088,202.0,205.03333333333333,-3.3500000000000085,-1.1750000000000045,-0.02,0.0473749999999999,-0.0014583333333333,0.00015625,0.8448983131010562,897551.4626273625,0.0001660695048852,0.8366713037657119,911911.7196784392,0.0001649948435188,-0.0053757639567453,-0.002014899670153,16151.770924311017,4577.622821268946,-7.509297741296677e-07,-6.258750609192213e-07
2006Q1,-2.294466639,-2.550747655,370,-2.346851083,-2.346851083,0.032194737,0.001248977,0.032194737,0.001248977,-0.004168429,-2.0296383333333456e-05,-0.0001296713027777,7.158805555555599e-06,-0.003711,0.0003913833333333,-0.0001661916666666,1.1948611111111152e-05,15281.525,179.6,183.03333333333333,-1.8499999999999943,7.100000000000001,0.04,0.025,-0.0006041666666666,-5.208333333333367e-05,0.8306543385490754,957499.9325567646,0.0001642765472219,0.827202507905188,953750.7374068048,0.0001638382352558,0.0043670089097978,0.0077085766319848,1430.1193369777177,-11007.076575993851,5.136331287664144e-07,9.780098493364578e-07
2006Q2,-2.336485065,-2.718703071,377,-2.290565816,-2.290565816,0.022998201,-0.010878408,0.022998201,-0.010878408,-0.002097622,6.877909144444442e-05,-3.072733888888896e-05,-4.405657916666662e-05,-0.003626,0.0002248722222222,-2.1369444444444536e-05,-2.6722222222222204e-05,15304.517,178.5,181.13333333333333,-1.9500000000000028,3.2250000000000014,-0.01,0.0219166666666666,-0.0009583333333333,-8.333333333333283e-05,0.8912090163934426,923908.3816827444,0.0001737783683528,0.8805539212918522,919913.895754016,0.0001709567765153,0.0234260095892425,-0.0046722628603685,-10019.391072198225,6880.402062024747,3.379187626971708e-06,-6.961518260406734e-07
2006Q3,-2.240745746,-2.726885939,372,-2.300854681,-2.300854681,0.010437921,-0.012796092,0.010437921,-0.012796092,-0.00246425,0.0011550341965555,4.277778611111102e-05,-8.04836944444452e-06,-0.003361,0.00119975,1.6847222222222242e-05,-3.830555555555521e-06,15433.643,182.7,179.4333333333333,-9.200000000000005,1.125000000000007,-0.07,-0.0711666666666666,-0.0007083333333333,-1.0416666666672458e-05,0.9102332863629248,927124.2359041568,0.0001748357089342,0.9094636426400052,932735.396784715,0.0001749651645625,0.0021613989437197,-0.0012665700402851,13207.845942622169,2476.4974613743543,2.1177278504206886e-07,-1.8217879013253957e-07
2006Q4,-2.325333231,-2.755529856,373,-2.269689975,-2.269689975,-0.002593983,-0.010340232,-0.002593983,-0.010340232,-0.004513136,0.0001564652584444,5.721111111111233e-07,-1.8228708333333112e-06,-0.003069,0.0002096277777777,1.96222222222222e-05,1.034166666666669e-05,15478.956,195.4,189.9,-2.25,-5.150000000000006,-0.11,-0.09825,0.0009374999999999,2.0833333333337974e-05,0.9104807992507024,965667.2085320216,0.0001740061300453,0.9111422701240038,967966.882287282,0.0001739661690047,-0.0031023924793961,-0.0023065567936696,7575.994744161202,-2984.153341801837,-1.9647462906874613e-06,-1.265663118663518e-06
2007Q1,-2.242990948,-2.586919533,367,-2.306042647,-2.306042647,-0.010242544,-0.005708555,-0.010242544,-0.005708555,-0.001173965,0.0007975032722222,-6.841977777777796e-06,-2.594561805555556e-05,0.000453,0.0010267111111111,-1.9894444444444477e-05,-2.3363888888888805e-05,15577.779,203.6,203.06666666666663,1.2000000000000028,-4.374999999999993,0.07,-0.024875,0.0026041666666666,-0.0001041666666666,0.8946944143586569,983609.4135671963,0.0001644708452087,0.8940907614148184,983993.9093141748,0.0001649026286254,-0.0058585761612222,-0.001816449972055,8668.32390652108,1665.4131328875665,-1.5069028908991128e-06,1.1728323625332025e-06
2007Q2,-2.349803763,-2.725669068,372,-2.290175062,-2.290175062,-0.014011093,0.007319546,-0.014011093,0.007319546,-0.001567367,-4.329136888888872e-05,3.3883797222222225e-05,-1.250549166666666e-05,-0.001018,0.00039185,-5.430555555555695e-06,-5.943055555555579e-06,15671.605,205.9,204.79999999999995,-0.5500000000000114,-2.3000000000000043,0.16,0.1851666666666666,0.0048749999999999,0.0003229166666666,0.8517849429188523,999557.4888928664,0.0001610110226855,0.8567904220420088,990498.7377154136,0.0001614668192281,-0.0228476850272356,-0.0030558676846335,-14395.567388151132,-5022.098276143661,-2.7277328192277205e-06,-3.842451515468238e-07
2007Q3,-2.277730476,-2.768701,360,-2.334064833,-2.334064833,0.004396548,0.010628011,0.004396548,0.010628011,-0.003023417,-9.122949666666674e-05,0.0001318100694444,-3.66392083333334e-06,-0.0012439999999999,-6.21055555555554e-05,0.0001296861111111,1.7197222222222196e-05,15767.146,203.2,205.4,7.900000000000006,6.700000000000003,0.62,0.5601666666666667,0.0067083333333333,-0.0001354166666666,0.8011338461538461,974757.5782465292,0.0001566543352301,0.8039468456560886,968832.8781574076,0.0001563360587789,-0.0040211378290745,0.0076414846081404,-1172.7390707069426,-4554.637125831592,-5.317023242378552e-07,4.6376934737504465e-08
2007Q4,-2.374660261,-2.898016208,351,-2.281381967,-2.281381967,0.00724493,-0.01411996,0.00724493,-0.01411996,-0.006851585,-0.0014476059777777,-0.0001572220555555,-9.25943486111111e-05,-0.00756,-0.0011169388888888,-0.0001453277777777,-8.100972222222218e-05,15702.906,235.6,236.13333333333333,6.900000000000006,-0.8749999999999929,0.99,1.2034166666666666,0.0105625,7.291666666675578e-05,0.8165630239292792,927833.7181297163,0.0001540536709546,0.8084253373244455,918135.1666099244,0.000152902302713,-0.0004313357979904,-0.0019158803306241,-23906.06092395337,2278.152126376692,-1.096045049497042e-06,5.891605560794626e-07
2008Q1,-2.191755164,-2.679459729,344,-2.319574974,-2.319574974,-0.023843373,-0.033472086,-0.023843373,-0.033472086,0.005687261,0.0003801259333333,-0.0001336175166666,0.0001171145277777,0.003806,0.0002900611111111,-0.0001541583333333,0.0001272458333333,15792.773,264.2,263.43333333333334,9.75,0.5500000000000114,1.83,1.5586666666666669,0.0017499999999999,-4.166666666666208e-05,0.8061115332016412,880913.6304856162,0.000154087709713,0.8031174810002465,884728.5958893696,0.0001537727703005,-0.0022374165443057,6.682903334653822e-05,7395.038546352589,5561.127581482142,1.157347046098513e-06,-1.0768195658053185e-07
2008Q2,-2.392309497,-2.779168522,346,-2.329068712,-2.329068712,-0.059699242,-0.017312198,-0.059699242,-0.017312198,0.001267229,-0.0009022434422222,-0.0001568470138888,-1.628934305555554e-05,0.000308,-0.0010287777777777,-0.0001092916666666,-2.0652777777777748e-05,15709.562,294.2,294.96666666666664,8.049999999999983,-11.324999999999989,1.36,1.4648333333333334,0.0007083333333334,0.0001770833333332,0.798640243902439,865859.9060059696,0.000153181257382,0.7996738143477775,884454.3455437266,0.0001544296181758,0.001404154561114,-0.0001359568533771,-9997.782755748893,-3308.423672879697,-1.211635256856625e-07,-3.427015136378336e-09
2008Q3,-2.403141475,-2.787079174,332,-2.438973457,-2.438973457,-0.058467769,0.020104289,-0.058467769,0.020104289,0.05420331,-0.0033839874111111,0.00019992825,-0.0001262180930555,0.04681,-0.0023370666666666,0.0001858916666666,-0.0001301097222222,15366.607,255.2,247.13333333333333,-27.200000000000003,-4.924999999999997,1.85,1.7737083333333334,-0.0010833333333333,0.0003541666666666,0.7909958759737283,820316.3417802474,0.0001521222640502,0.7992328730365371,799858.0297699239,0.0001538325412264,0.0045761675768887,0.006066746834328,-68231.96821089741,-14431.532621772203,3.359032113313724e-07,1.1220992548055265e-06
2008Q4,-2.5214694,-3.131561774,327,-2.446004251,-2.446004251,-0.019490664,0.028152585,-0.019490664,0.028152585,0.014158358,-0.0021116128499999,9.717101944444416e-05,-0.0001266903972222,0.012459,-0.0019370555555555,4.1366666666666895e-05,-0.0001557916666666,15187.475,176.7,179.03333333333333,-7.1000000000000085,6.4750000000000085,1.49,1.9260416666666669,-0.0010416666666666,-0.0003437499999999,0.834372028829934,663693.3700302454,0.0001616641318102,0.834916145607372,649508.3968500069,0.0001594468659649,0.0109617805036184,-0.0007588370173428,-18005.973661011783,11273.572276507097,1.1651411435786564e-06,-7.988947792642471e-07
2009Q1,-2.413401877,-2.619047261,319,-2.477954786,-2.477954786,-0.002162599,0.015147798,-0.002162599,0.015147798,0.013129659,0.0015573196777777,-5.74896750000001e-05,-5.605633194444439e-05,0.011553,0.0011835888888888,4.686111111111254e-06,-6.495416666666678e-05,15161.772,160.1,161.96666666666667,-0.5,5.100000000000001,1.9,2.063375,0.0071875000000001,-0.0011666666666664,0.8809813374805598,633028.0467472721,0.0001643508790345,0.8744759063171651,641492.9437051897,0.0001647740565791,0.0150698290002674,-0.0021079441308384,31057.61138121382,16589.875021744112,3.945366071124548e-06,7.090517078491598e-07
2009Q2,-2.498993081,-2.768505092,326,-2.450329448,-2.450329448,0.010804931,0.016350608,0.010804931,0.016350608,-0.008530785,0.0017048930055555,-3.920872499999992e-05,0.0001526507972222,-0.009499,0.0018119611111111,-5.433055555555545e-05,0.0001218777777777,15216.647,175.0,170.16666666666666,0.25,-2.875,2.42,2.4084166666666667,0.0041249999999999,-0.0007916666666665,0.90258480649785,727044.1062500032,0.0001742044695169,0.8992667205321654,744907.5890712284,0.0001742898238983,0.0026976011792566,-0.0015569663220157,26550.298462968203,1287.3693986645085,2.1872104461788595e-06,-2.332585520059389e-07
2009Q3,-2.438593385,-2.847819775,319,-2.456344924,-2.456344924,0.030538618,0.016876777,0.030538618,0.016876777,-0.003328273,0.0013767640366666,-1.1525575000000165e-05,2.839147222222292e-06,-0.002932,0.0016580333333333,-3.442222222222228e-05,-2.5430555555555237e-06,15379.155,174.1,179.0333333333333,5.400000000000006,3.7750000000000057,2.36,2.53275,0.0020416666666667,0.0001249999999998,0.904727535765954,848919.7751871613,0.0001805091439859,0.9060853169562418,823449.2536087432,0.0001794788114668,0.0023455133370036,-0.0006056846179144,12901.96236626181,-7668.345399576705,4.2041308453303684e-07,-7.485021274995194e-07
2009Q4,-2.431448306,-2.861213679,323,-2.389252212,-2.389252212,0.044558485,-0.003479575,0.044558485,-0.003479575,-0.010049537,0.0008009698311111,0.0001268057305555,-2.724447638888892e-05,-0.01142,0.00090725,6.0233333333333406e-05,-4.416805555555557e-05,15456.059,200.8,203.3333333333333,9.299999999999995,-1.500000000000007,2.71,2.695,0.0039166666666665,-6.249999999985434e-05,0.9051923386447772,881971.5603552439,0.0001799608148242,0.906503967934324,863169.7113409278,0.0001790815436005,-0.0019411865460849,-0.0008465342295012,15410.907059823454,404.1338857992087,-3.854147799632824e-07,-1.1244717763201564e-08
2010Q1,-2.297714947,-2.684555868,323,-2.367227955,-2.367227955,0.023579469,-0.022391926,0.023579469,-0.022391926,-0.003272904,-2.7972452222222203e-05,-0.0002204622416666,-8.458708750000002e-05,-0.004656,7.048888888888883e-05,-0.0002224138888888,-6.54375e-05,15605.628,212.1,210.46666666666664,0.9500000000000028,-1.0249999999999986,2.82,2.7184583333333334,-0.0023124999999999,-0.0002708333333334,0.9002453591606134,925411.1726791929,0.0001799096322468,0.8982951421004756,920269.6393714572,0.0001788486206626,0.0009520136137773,0.0036240846478851,17756.99938629032,-12742.042828758538,2.932186701959155e-08,-5.689861681083751e-07
2010Q2,-2.372520611,-2.753785333,336,-2.342093275,-2.342093275,-0.000225367,-0.006327874,-0.000225367,-0.006327874,-0.010112942,-0.0009779609833333,0.0002930077277777,-9.968224861111116e-05,-0.009617,-0.00061355,0.0002235361111111,-7.228194444444441e-05,15726.282,201.5,204.9333333333333,0.4500000000000028,4.75,2.36,2.432875,-0.0058124999999997,-1.1102230246251563e-16,0.9101100654011804,878197.3964429111,0.0001745040838548,0.9117979780566782,896546.8634268724,0.0001759568680682,0.0012201826115174,-0.0022280758354548,-12599.424050869944,10514.778739273404,-9.883431249253078e-07,5.462336778601002e-07
2010Q3,-2.356044268,-2.79416164,325,-2.367678688,-2.367678688,0.01092372,0.013006838,0.01092372,0.013006838,-0.003083697,0.0011257392033333,9.938548055555565e-05,-4.441693888888892e-05,-0.004359,0.0010266111111111,5.69611111111111e-05,-3.811111111111121e-05,15807.995,209.7,212.7,2.799999999999997,1.8250000000000028,2.11,2.3084166666666666,0.0029375,-0.0002604166666666,0.912814957470711,940557.535255314,0.0001763415165647,0.9126995674004286,922809.0999715816,0.0001753702665162,0.0015770149368812,-0.0010838255555684,21772.83038138511,2654.9109241215338,3.2004679451440017e-07,5.7765470758220695e-08
2010Q4,-2.374471186,-2.640515359,322,-2.320245834,-2.320245834,0.025788309,-0.003006463,0.025788309,-0.003006463,-0.000190797,0.0012026165222222,3.44154311111111e-05,3.950207777777908e-06,0.000674,0.0010947833333333,6.45805555555554e-05,1.0372222222222152e-05,15769.911,229.8,228.9333333333333,8.900000000000006,0.1999999999999957,2.69,2.5813333333333333,0.0048333333333332,0.0001666666666666,0.9053076053608912,995985.878994938,0.0001763756151418,0.9103597742327932,986945.6079285528,0.0001761595217414,-0.0003723846932194,0.0006432952793329,17859.337859313702,-1451.3281481883023,1.158298070320018e-07,-1.1020181924626228e-07
2011Q1,-2.230222049,-2.605883612,317,-2.316102071,-2.316102071,0.004910794,-0.023197522,0.004910794,-0.023197522,-0.001829461,2.721417999999992e-05,-0.0001198894416666,4.766650138888893e-05,-0.0025,0.0002673555555555,-5.85638888888889e-05,5.03736111111111e-05,15876.839,247.8,250.5,8.450000000000003,-1.2750000000000057,2.67,2.702541666666667,-0.0017083333333334,2.0833333333358794e-05,0.902061622842394,1031376.9096124504,0.0001746428466942,0.9066958761749522,1033171.763543045,0.0001753739939401,-0.0019770874366227,0.0004596409021982,10587.27608957165,-6603.513904445572,-6.985961692511719e-07,-2.5991268642921225e-07
2011Q2,-2.343612977,-2.646863845,324,-2.310424246,-2.310424246,-0.020606734,-0.01310091,-0.020606734,-0.01310091,0.010119243,-0.0012828834999999,-0.0002636283416666,5.491974999999994e-05,0.012472,-0.0009553444444444,-0.0002615388888888,3.386944444444439e-05,15870.684,253.8,253.79999999999995,0.7000000000000028,0.8499999999999943,2.73,2.404583333333333,-0.0083958333333336,0.0003645833333334,0.8994785668586053,1020799.5867913804,0.0001715956490765,0.9033435842758896,1011987.0238856424,0.0001717986677882,0.0010052923937087,0.0026604556300178,-25318.952850656933,-11280.93981534493,-1.1665163697668595e-06,2.1743895571655069e-07
2011Q3,-2.357437713,-2.868102753,313,-2.357315539,-2.357315539,-0.021291025,0.010931787,-0.021291025,0.010931787,-0.024974147,-0.0002227671944444,0.0001518501749999,-2.9261845833333268e-05,-0.0215709999999999,0.0001180722222222,0.00014245,-9.977777777777936e-06,16048.702,251.4,248.83333333333331,-3.1499999999999915,0.7249999999999943,1.67,1.9457083333333327,-0.0086041666666665,0.0002395833333333,0.9148513449740444,890561.0678651722,0.0001687953555522,0.9217897406219552,926306.1938317468,0.000171679662674,0.0050884968131351,-0.0029669269605392,-9166.742572417485,16916.56548173746,1.0856285638756658e-06,4.271448445611646e-07
2011Q4,-2.370895928,-2.903080198,310,-2.353006297,-2.353006297,0.001256839,0.008900381,0.001256839,0.008900381,-0.004283384,0.0010449829644444,-7.519528611111127e-05,-5.321120694444444e-05,-0.005655,0.0011012166666666,-0.0001001138888888,-5.57624999999999e-05,16179.968,244.9,247.63333333333333,-2.1999999999999886,0.0,1.64,1.7652916666666667,0.0023125,0.0002395833333332,0.9240200127064804,932337.6464663025,0.0001741303199865,0.9239091378927748,944766.5017460444,0.0001744476225047,0.0003929753267348,0.000466882253615,9729.705048099742,883.1152329975157,8.553427432061083e-07,-3.0031600919389035e-09
2012Q1,-2.330685251,-2.66944043,310,-2.354801862,-2.354801862,-0.003490264,-0.007131954,-0.003490264,-0.007131954,0.003698478,-0.0003138952166666,0.0001084073527777,0.0001283904611111,0.005037,-0.0004214611111111,8.283888888888892e-05,0.0001374888888888,16253.726,247.0,244.0333333333333,-2.8500000000000085,-3.699999999999996,1.9,1.6524583333333331,-0.0032916666666665,-0.0002291666666666,0.9296804959465904,977558.8350393244,0.0001767307685964,0.9278406189656708,973925.9082971698,0.0001762195681316,-0.0004710509374336,-0.0016987703813542,-3660.974203561782,-9179.112274831745,-9.76166987841766e-07,-7.840777572679618e-07
2012Q2,-2.362824406,-2.728989948,324,-2.359986825,-2.359986825,-0.013007069,0.00778753,-0.013007069,0.00778753,0.024920243,0.0001230377587777,-7.709047500000004e-05,6.385591805555554e-05,0.022046,8.38277777777778e-05,-7.485000000000006e-05,4.4876388888888847e-05,16282.151,225.0,229.96666666666667,0.0499999999999971,8.199999999999996,1.34,1.4492083333333334,-0.003375,0.0002395833333332,0.9185813366960908,953579.5805837674,0.0001733795282254,0.9179427290970432,947188.6817579236,0.0001724341715736,-0.0048530493553908,-4.281197659797287e-05,1606.4473204296082,9718.738794166886,-4.478628914623213e-07,6.089730162958635e-07
2012Q3,-2.386450819,-2.80613686,314,-2.380816,-2.380816,0.012084796,0.017800663,0.012084796,0.017800663,-0.004477767,0.0005062153022222,-0.0001307838472222,-4.117677222222226e-05,-0.003622,0.0003299499999999,-0.0001019833333333,-1.0065277777777737e-05,16300.035,246.1,244.63333333333333,0.7999999999999972,-3.299999999999997,1.42,1.4115,0.0012499999999999,0.0003437499999999,0.9053496168582374,987036.406902045,0.0001733274888262,0.9044045729984352,983019.5434683188,0.000172770798523,-0.0051103168434553,-0.0010978196049339,10719.534442365984,-2766.7013848215865,-3.089022930663238e-07,-4.737744689034781e-07
